onset	duration	trial_type	value	sample
14.735833333333334	0.0	block1_disappearance_shape1_black_counterclockwise_notarget_incorrect_or_nopressloc2_	111120002	17683
16.985833333333332	0.0	block1_disappearance_shape1_white_counterclockwise_notarget_correct_or_pressloc4_	111220104	20383
19.069166666666668	0.0	block1_disappearance_shape2_white_counterclockwise_istarget_correct_or_pressloc3_	112221103	22883
21.8025	0.0	block1_disappearance_shape1_white_counterclockwise_notarget_correct_or_pressloc2_	111220102	26163
23.85333333333333	0.0	block1_disappearance_shape2_white_clockwise_notarget_correct_or_pressloc3_	112210103	28624
26.268333333333334	0.0	block1_disappearance_shape2_white_clockwise_notarget_correct_or_pressloc2_	112210102	31522
28.351666666666667	0.0	block1_disappearance_shape1_black_counterclockwise_notarget_correct_or_pressloc2_	111120102	34022
30.701666666666668	0.0	block1_disappearance_shape2_black_clockwise_notarget_correct_or_pressloc1_	112110101	36842
32.91833333333334	0.0	block1_disappearance_shape1_white_clockwise_notarget_correct_or_pressloc4_	111210104	39502
35.00083333333333	0.0	block1_disappearance_shape1_black_clockwise_notarget_correct_or_pressloc1_	111110101	42001
37.08416666666667	0.0	block1_disappearance_shape1_black_clockwise_notarget_correct_or_pressloc1_	111110101	44501
39.40083333333333	0.0	block1_disappearance_shape2_black_clockwise_notarget_correct_or_pressloc4_	112110104	47281
41.58416666666667	0.0	block1_disappearance_shape1_black_counterclockwise_notarget_correct_or_pressloc4_	111120104	49901
43.634166666666665	0.0	block1_disappearance_shape1_white_counterclockwise_notarget_correct_or_pressloc1_	111220101	52361
45.884166666666665	0.0	block1_disappearance_shape2_white_clockwise_notarget_correct_or_pressloc1_	112210101	55061
47.93416666666667	0.0	block1_disappearance_shape2_black_counterclockwise_notarget_correct_or_pressloc3_	112120103	57521
50.2175	0.0	block1_disappearance_shape2_black_clockwise_notarget_correct_or_pressloc2_	112110102	60261
52.36666666666667	0.0	block1_disappearance_shape1_black_counterclockwise_istarget_correct_or_pressloc1_	111121101	62840
54.766666666666666	0.0	block1_disappearance_shape1_white_counterclockwise_istarget_correct_or_pressloc2_	111221102	65720
57.43333333333333	0.0	block1_disappearance_shape1_black_counterclockwise_notarget_correct_or_pressloc3_	111120103	68920
59.65	0.0	block1_disappearance_shape1_white_clockwise_notarget_correct_or_pressloc2_	111210102	71580
61.8	0.0	block1_disappearance_shape2_black_clockwise_istarget_correct_or_pressloc3_	112111103	74160
64.6	0.0	block1_disappearance_shape1_white_clockwise_notarget_correct_or_pressloc4_	111210104	77520
66.61666666666666	0.0	block1_disappearance_shape2_white_counterclockwise_notarget_correct_or_pressloc2_	112220102	79940
68.69916666666667	0.0	block1_disappearance_shape2_white_counterclockwise_notarget_correct_or_pressloc4_	112220104	82439
70.7825	0.0	block1_disappearance_shape1_white_counterclockwise_notarget_correct_or_pressloc3_	111220103	84939
72.89916666666667	0.0	block1_disappearance_shape1_black_clockwise_notarget_correct_or_pressloc1_	111110101	87479
75.11583333333333	0.0	block1_disappearance_shape2_white_clockwise_notarget_correct_or_pressloc3_	112210103	90139
77.1325	0.0	block1_disappearance_shape2_white_clockwise_notarget_correct_or_pressloc4_	112210104	92559
79.51583333333333	0.0	block1_disappearance_shape2_white_counterclockwise_notarget_correct_or_pressloc3_	112220103	95419
81.8325	0.0	block1_disappearance_shape2_white_clockwise_notarget_correct_or_pressloc4_	112210104	98199
83.915	0.0	block1_disappearance_shape1_white_counterclockwise_notarget_correct_or_pressloc1_	111220101	100698
86.23166666666667	0.0	block1_disappearance_shape2_black_counterclockwise_notarget_correct_or_pressloc4_	112120104	103478
88.64833333333333	0.0	block1_disappearance_shape2_white_clockwise_notarget_correct_or_pressloc2_	112210102	106378
90.73166666666667	0.0	block1_disappearance_shape2_white_clockwise_notarget_correct_or_pressloc3_	112210103	108878
92.78166666666667	0.0	block1_disappearance_shape2_white_clockwise_istarget_correct_or_pressloc4_	112211104	111338
95.34833333333333	0.0	block1_disappearance_shape1_white_clockwise_notarget_correct_or_pressloc3_	111210103	114418
97.43166666666667	0.0	block1_disappearance_shape1_white_counterclockwise_notarget_correct_or_pressloc2_	111220102	116918
99.81416666666667	0.0	block1_disappearance_shape1_black_counterclockwise_notarget_correct_or_pressloc3_	111120103	119777
101.9975	0.0	block1_disappearance_shape1_white_clockwise_notarget_correct_or_pressloc3_	111210103	122397
104.28083333333333	0.0	block1_disappearance_shape2_white_counterclockwise_istarget_correct_or_pressloc1_	112221101	125137
106.81416666666667	0.0	block1_disappearance_shape1_white_clockwise_notarget_correct_or_pressloc2_	111210102	128177
109.1975	0.0	block1_disappearance_shape2_black_counterclockwise_notarget_correct_or_pressloc1_	112120101	131037
111.38083333333333	0.0	block1_disappearance_shape2_white_counterclockwise_notarget_correct_or_pressloc1_	112220101	133657
113.46416666666667	0.0	block1_disappearance_shape1_black_counterclockwise_notarget_correct_or_pressloc4_	111120104	136157
115.84666666666666	0.0	block1_disappearance_shape2_black_counterclockwise_istarget_correct_or_pressloc2_	112121102	139016
118.51333333333334	0.0	block1_disappearance_shape2_white_clockwise_istarget_correct_or_pressloc2_	112211102	142216
121.24666666666667	0.0	block1_disappearance_shape2_white_clockwise_istarget_correct_or_pressloc1_	112211101	145496
123.88	0.0	block1_disappearance_shape1_black_clockwise_notarget_correct_or_pressloc2_	111110102	148656
125.96333333333334	0.0	block1_disappearance_shape1_black_clockwise_notarget_correct_or_pressloc4_	111110104	151156
128.18	0.0	block1_disappearance_shape2_white_counterclockwise_notarget_correct_or_pressloc2_	112220102	153816
130.26333333333332	0.0	block1_disappearance_shape2_black_counterclockwise_notarget_correct_or_pressloc3_	112120103	156316
132.37916666666666	0.0	block1_disappearance_shape2_black_counterclockwise_notarget_correct_or_pressloc1_	112120101	158855
134.39583333333334	0.0	block1_disappearance_shape1_white_clockwise_notarget_correct_or_pressloc3_	111210103	161275
136.47916666666666	0.0	block1_disappearance_shape2_black_counterclockwise_notarget_correct_or_pressloc3_	112120103	163775
138.8625	0.0	block1_disappearance_shape2_black_clockwise_notarget_correct_or_pressloc2_	112110102	166635
141.1125	0.0	block1_disappearance_shape2_black_counterclockwise_notarget_correct_or_pressloc2_	112120102	169335
143.2625	0.0	block1_disappearance_shape2_white_clockwise_notarget_correct_or_pressloc4_	112210104	171915
145.34583333333333	0.0	block1_disappearance_shape1_white_counterclockwise_notarget_correct_or_pressloc2_	111220102	174415
147.495	0.0	block1_disappearance_shape2_black_counterclockwise_istarget_correct_or_pressloc1_	112121101	176994
150.12833333333333	0.0	block1_disappearance_shape1_white_clockwise_notarget_correct_or_pressloc2_	111210102	180154
152.545	0.0	block1_disappearance_shape1_black_clockwise_notarget_correct_or_pressloc2_	111110102	183054
154.96166666666667	0.0	block1_disappearance_shape2_white_clockwise_notarget_correct_or_pressloc1_	112210101	185954
157.37833333333333	0.0	block1_disappearance_shape1_black_clockwise_notarget_correct_or_pressloc2_	111110102	188854
159.395	0.0	block1_disappearance_shape2_black_clockwise_istarget_correct_or_pressloc3_	112111103	191274
162.095	0.0	block1_disappearance_shape2_black_counterclockwise_notarget_correct_or_pressloc2_	112120102	194514
164.21083333333334	0.0	block1_disappearance_shape2_black_counterclockwise_notarget_correct_or_pressloc4_	112120104	197053
166.2275	0.0	block1_disappearance_shape1_black_clockwise_notarget_correct_or_pressloc4_	111110104	199473
168.41083333333333	0.0	block1_disappearance_shape1_white_counterclockwise_notarget_correct_or_pressloc3_	111220103	202093
170.79416666666665	0.0	block1_disappearance_shape2_white_counterclockwise_notarget_correct_or_pressloc4_	112220104	204953
172.91083333333333	0.0	block1_disappearance_shape2_white_counterclockwise_notarget_correct_or_pressloc3_	112220103	207493
175.29416666666665	0.0	block1_disappearance_shape1_white_clockwise_notarget_correct_or_pressloc1_	111210101	210353
177.34416666666667	0.0	block1_disappearance_shape2_black_counterclockwise_notarget_correct_or_pressloc1_	112120101	212813
179.5275	0.0	block1_disappearance_shape2_white_counterclockwise_notarget_correct_or_pressloc3_	112220103	215433
181.71	0.0	block1_disappearance_shape2_white_clockwise_notarget_correct_or_pressloc1_	112210101	218052
183.89333333333335	0.0	block1_disappearance_shape2_white_counterclockwise_notarget_correct_or_pressloc2_	112220102	220672
186.11	0.0	block1_disappearance_shape2_black_counterclockwise_notarget_correct_or_pressloc2_	112120102	223332
188.32666666666665	0.0	block1_disappearance_shape1_black_counterclockwise_notarget_correct_or_pressloc1_	111120101	225992
190.54333333333332	0.0	block1_disappearance_shape2_white_clockwise_istarget_correct_or_pressloc3_	112211103	228652
192.94333333333333	0.0	block1_disappearance_shape1_black_clockwise_notarget_correct_or_pressloc3_	111110103	231532
195.12666666666667	0.0	block1_disappearance_shape2_black_clockwise_notarget_correct_or_pressloc2_	112110102	234152
197.27583333333334	0.0	block1_disappearance_shape1_black_clockwise_notarget_correct_or_pressloc3_	111110103	236731
199.42583333333334	0.0	block1_disappearance_shape2_black_clockwise_notarget_correct_or_pressloc1_	112110101	239311
201.60916666666665	0.0	block1_disappearance_shape1_black_counterclockwise_notarget_correct_or_pressloc2_	111120102	241931
203.6925	0.0	block1_disappearance_shape1_black_counterclockwise_notarget_correct_or_pressloc1_	111120101	244431
206.07583333333332	0.0	block1_disappearance_shape2_black_clockwise_notarget_correct_or_pressloc1_	112110101	247291
208.32583333333332	0.0	block1_disappearance_shape2_black_clockwise_notarget_correct_or_pressloc3_	112110103	249991
210.67583333333334	0.0	block1_disappearance_shape1_black_counterclockwise_notarget_correct_or_pressloc3_	111120103	252811
212.95833333333334	0.0	block1_disappearance_shape2_black_clockwise_notarget_correct_or_pressloc4_	112110104	255550
215.04166666666666	0.0	block1_disappearance_shape1_white_clockwise_notarget_correct_or_pressloc1_	111210101	258050
217.05833333333334	0.0	block1_disappearance_shape2_white_counterclockwise_notarget_correct_or_pressloc1_	112220101	260470
219.30833333333334	0.0	block1_disappearance_shape2_white_counterclockwise_notarget_correct_or_pressloc1_	112220101	263170
221.325	0.0	block1_disappearance_shape1_white_counterclockwise_notarget_correct_or_pressloc3_	111220103	265590
223.50833333333333	0.0	block1_disappearance_shape1_white_clockwise_notarget_correct_or_pressloc4_	111210104	268210
225.525	0.0	block1_disappearance_shape2_white_clockwise_notarget_correct_or_pressloc2_	112210102	270630
227.575	0.0	block1_disappearance_shape1_black_counterclockwise_notarget_correct_or_pressloc1_	111120101	273090
229.79083333333332	0.0	block1_disappearance_shape2_black_counterclockwise_istarget_correct_or_pressloc3_	112121103	275749
232.39083333333335	0.0	block1_disappearance_shape1_white_counterclockwise_notarget_correct_or_pressloc1_	111220101	278869
234.4075	0.0	block1_disappearance_shape1_white_counterclockwise_istarget_correct_or_pressloc2_	111221102	281289
236.97416666666666	0.0	block1_disappearance_shape2_white_counterclockwise_notarget_correct_or_pressloc4_	112220104	284369
239.2575	0.0	block1_disappearance_shape1_white_clockwise_istarget_correct_or_pressloc1_	111211101	287109
242.02416666666667	0.0	block1_disappearance_shape1_white_clockwise_notarget_correct_or_pressloc1_	111210101	290429
244.07416666666666	0.0	block1_disappearance_shape1_black_counterclockwise_notarget_correct_or_pressloc4_	111120104	292889
246.42333333333335	0.0	block1_disappearance_shape1_black_clockwise_notarget_correct_or_pressloc4_	111110104	295708
248.84	0.0	block1_disappearance_shape1_white_counterclockwise_notarget_correct_or_pressloc4_	111220104	298608
250.85666666666665	0.0	block1_disappearance_shape2_black_clockwise_notarget_correct_or_pressloc3_	112110103	301028
252.97333333333333	0.0	block1_disappearance_shape2_black_clockwise_notarget_correct_or_pressloc4_	112110104	303568
254.99	0.0	block1_disappearance_shape1_black_clockwise_notarget_correct_or_pressloc3_	111110103	305988
257.2733333333333	0.0	block1_disappearance_shape2_black_clockwise_notarget_correct_or_pressloc3_	112110103	308728
259.4225	0.0	block1_disappearance_shape1_black_counterclockwise_istarget_correct_or_pressloc3_	111121103	311307
262.18916666666667	0.0	block1_disappearance_shape1_white_clockwise_istarget_correct_or_pressloc3_	111211103	314627
264.85583333333335	0.0	block1_disappearance_shape1_white_counterclockwise_notarget_correct_or_pressloc4_	111220104	317827
267.2725	0.0	block1_disappearance_shape1_black_clockwise_istarget_correct_or_pressloc4_	111111104	320727
269.9725	0.0	block1_disappearance_shape2_black_counterclockwise_notarget_correct_or_pressloc4_	112120104	323967
279.5225	0.0	block1_flicker_shape1_black_counterclockwise_padding_incorrect_or_nopressloc12_	121102012	335427
279.6725	0.0	block1_flicker_shape1_black_counterclockwise_notarget_incorrect_or_nopressloc29_	121100029	335607
279.80583333333334	0.0	block1_flicker_shape2_white_counterclockwise_notarget_incorrect_or_nopressloc6_	122200006	335767
279.93833333333333	0.0	block1_flicker_shape1_black_counterclockwise_notarget_incorrect_or_nopressloc11_	121100011	335926
280.07166666666666	0.0	block1_flicker_shape2_black_counterclockwise_notarget_incorrect_or_nopressloc57_	122100057	336086
280.20666666666665	0.0	block1_flicker_shape2_black_counterclockwise_notarget_incorrect_or_nopressloc36_	122100036	336248
280.3383333333333	0.0	block1_flicker_shape2_black_counterclockwise_notarget_incorrect_or_nopressloc59_	122100059	336406
280.4716666666667	0.0	block1_flicker_shape2_black_counterclockwise_notarget_incorrect_or_nopressloc29_	122100029	336566
280.605	0.0	block1_flicker_shape1_white_counterclockwise_notarget_incorrect_or_nopressloc46_	121200046	336726
280.73833333333334	0.0	block1_flicker_shape1_white_counterclockwise_notarget_incorrect_or_nopressloc19_	121200019	336886
280.87166666666667	0.0	block1_flicker_shape2_black_counterclockwise_notarget_incorrect_or_nopressloc20_	122100020	337046
281.005	0.0	block1_flicker_shape2_white_counterclockwise_notarget_incorrect_or_nopressloc24_	122200024	337206
281.1383333333333	0.0	block1_flicker_shape1_white_counterclockwise_notarget_incorrect_or_nopressloc37_	121200037	337366
281.27166666666665	0.0	block1_flicker_shape1_white_counterclockwise_notarget_incorrect_or_nopressloc38_	121200038	337526
281.405	0.0	block1_flicker_shape2_black_counterclockwise_notarget_incorrect_or_nopressloc2_	122100002	337686
281.53833333333336	0.0	block1_flicker_shape2_white_counterclockwise_notarget_incorrect_or_nopressloc53_	122200053	337846
281.6716666666667	0.0	block1_flicker_shape2_white_counterclockwise_notarget_incorrect_or_nopressloc26_	122200026	338006
281.805	0.0	block1_flicker_shape1_black_counterclockwise_notarget_incorrect_or_nopressloc15_	121100015	338166
281.93833333333333	0.0	block1_flicker_shape1_white_counterclockwise_notarget_incorrect_or_nopressloc12_	121200012	338326
282.07166666666666	0.0	block1_flicker_shape2_white_counterclockwise_notarget_incorrect_or_nopressloc61_	122200061	338486
282.205	0.0	block1_flicker_shape1_white_counterclockwise_notarget_incorrect_or_nopressloc26_	121200026	338646
282.3383333333333	0.0	block1_flicker_shape2_white_counterclockwise_notarget_incorrect_or_nopressloc50_	122200050	338806
282.4716666666667	0.0	block1_flicker_shape1_white_counterclockwise_notarget_incorrect_or_nopressloc7_	121200007	338966
282.605	0.0	block1_flicker_shape1_black_counterclockwise_notarget_incorrect_or_nopressloc5_	121100005	339126
282.73833333333334	0.0	block1_flicker_shape2_black_counterclockwise_notarget_incorrect_or_nopressloc62_	122100062	339286
282.87166666666667	0.0	block1_flicker_shape2_white_counterclockwise_notarget_incorrect_or_nopressloc21_	122200021	339446
283.005	0.0	block1_flicker_shape2_white_counterclockwise_notarget_incorrect_or_nopressloc31_	122200031	339606
283.1383333333333	0.0	block1_flicker_shape2_white_counterclockwise_notarget_incorrect_or_nopressloc12_	122200012	339766
283.27166666666665	0.0	block1_flicker_shape1_white_counterclockwise_notarget_incorrect_or_nopressloc51_	121200051	339926
283.405	0.0	block1_flicker_shape2_white_counterclockwise_notarget_incorrect_or_nopressloc22_	122200022	340086
283.53833333333336	0.0	block1_flicker_shape2_black_counterclockwise_notarget_incorrect_or_nopressloc33_	122100033	340246
283.6716666666667	0.0	block1_flicker_shape2_white_counterclockwise_notarget_incorrect_or_nopressloc57_	122200057	340406
283.805	0.0	block1_flicker_shape2_white_counterclockwise_notarget_incorrect_or_nopressloc16_	122200016	340566
283.93833333333333	0.0	block1_flicker_shape1_white_counterclockwise_notarget_incorrect_or_nopressloc44_	121200044	340726
284.07166666666666	0.0	block1_flicker_shape1_white_counterclockwise_notarget_incorrect_or_nopressloc13_	121200013	340886
284.205	0.0	block1_flicker_shape1_white_counterclockwise_notarget_incorrect_or_nopressloc48_	121200048	341046
284.3383333333333	0.0	block1_flicker_shape2_white_counterclockwise_notarget_incorrect_or_nopressloc49_	122200049	341206
284.4716666666667	0.0	block1_flicker_shape2_black_counterclockwise_notarget_incorrect_or_nopressloc56_	122100056	341366
284.605	0.0	block1_flicker_shape1_black_counterclockwise_notarget_incorrect_or_nopressloc59_	121100059	341526
284.73833333333334	0.0	block1_flicker_shape1_white_counterclockwise_notarget_incorrect_or_nopressloc45_	121200045	341686
284.87166666666667	0.0	block1_flicker_shape1_white_counterclockwise_notarget_incorrect_or_nopressloc24_	121200024	341846
285.005	0.0	block1_flicker_shape2_white_counterclockwise_notarget_incorrect_or_nopressloc17_	122200017	342006
285.1383333333333	0.0	block1_flicker_shape2_white_counterclockwise_notarget_incorrect_or_nopressloc36_	122200036	342166
285.27166666666665	0.0	block1_flicker_shape2_white_counterclockwise_notarget_incorrect_or_nopressloc29_	122200029	342326
285.405	0.0	block1_flicker_shape1_white_counterclockwise_notarget_incorrect_or_nopressloc4_	121200004	342486
285.53833333333336	0.0	block1_flicker_shape1_white_counterclockwise_notarget_incorrect_or_nopressloc40_	121200040	342646
285.6716666666667	0.0	block1_flicker_shape2_black_counterclockwise_notarget_incorrect_or_nopressloc41_	122100041	342806
285.805	0.0	block1_flicker_shape1_black_counterclockwise_notarget_incorrect_or_nopressloc17_	121100017	342966
285.93833333333333	0.0	block1_flicker_shape2_white_counterclockwise_notarget_incorrect_or_nopressloc51_	122200051	343126
286.07166666666666	0.0	block1_flicker_shape2_black_counterclockwise_notarget_incorrect_or_nopressloc23_	122100023	343286
286.205	0.0	block1_flicker_shape1_black_counterclockwise_notarget_incorrect_or_nopressloc6_	121100006	343446
286.3383333333333	0.0	block1_flicker_shape1_white_counterclockwise_notarget_incorrect_or_nopressloc25_	121200025	343606
286.4716666666667	0.0	block1_flicker_shape2_white_counterclockwise_notarget_incorrect_or_nopressloc32_	122200032	343766
286.605	0.0	block1_flicker_shape2_black_counterclockwise_notarget_incorrect_or_nopressloc28_	122100028	343926
286.73833333333334	0.0	block1_flicker_shape1_black_counterclockwise_notarget_incorrect_or_nopressloc26_	121100026	344086
286.87166666666667	0.0	block1_flicker_shape2_white_counterclockwise_notarget_incorrect_or_nopressloc1_	122200001	344246
287.005	0.0	block1_flicker_shape1_black_counterclockwise_notarget_incorrect_or_nopressloc24_	121100024	344406
287.1383333333333	0.0	block1_flicker_shape1_black_counterclockwise_notarget_incorrect_or_nopressloc4_	121100004	344566
287.27166666666665	0.0	block1_flicker_shape1_white_counterclockwise_notarget_incorrect_or_nopressloc3_	121200003	344726
287.405	0.0	block1_flicker_shape2_white_counterclockwise_notarget_incorrect_or_nopressloc52_	122200052	344886
287.53833333333336	0.0	block1_flicker_shape2_white_counterclockwise_notarget_incorrect_or_nopressloc11_	122200011	345046
287.6716666666667	0.0	block1_flicker_shape2_white_counterclockwise_notarget_incorrect_or_nopressloc7_	122200007	345206
287.805	0.0	block1_flicker_shape2_black_counterclockwise_notarget_incorrect_or_nopressloc10_	122100010	345366
287.93833333333333	0.0	block1_flicker_shape1_black_counterclockwise_notarget_incorrect_or_nopressloc7_	121100007	345526
288.07166666666666	0.0	block1_flicker_shape1_white_counterclockwise_notarget_incorrect_or_nopressloc54_	121200054	345686
288.205	0.0	block1_flicker_shape2_black_counterclockwise_notarget_incorrect_or_nopressloc15_	122100015	345846
288.3383333333333	0.0	block1_flicker_shape1_black_counterclockwise_notarget_incorrect_or_nopressloc16_	121100016	346006
288.4716666666667	0.0	block1_flicker_shape1_white_counterclockwise_notarget_incorrect_or_nopressloc50_	121200050	346166
288.605	0.0	block1_flicker_shape2_black_counterclockwise_notarget_incorrect_or_nopressloc37_	122100037	346326
288.73833333333334	0.0	block1_flicker_shape1_white_counterclockwise_notarget_incorrect_or_nopressloc57_	121200057	346486
288.87166666666667	0.0	block1_flicker_shape1_white_counterclockwise_notarget_incorrect_or_nopressloc9_	121200009	346646
289.005	0.0	block1_flicker_shape1_black_counterclockwise_notarget_incorrect_or_nopressloc20_	121100020	346806
289.1383333333333	0.0	block1_flicker_shape2_black_counterclockwise_notarget_incorrect_or_nopressloc8_	122100008	346966
289.27166666666665	0.0	block1_flicker_shape2_black_counterclockwise_notarget_incorrect_or_nopressloc63_	122100063	347126
289.405	0.0	block1_flicker_shape1_black_counterclockwise_notarget_incorrect_or_nopressloc1_	121100001	347286
289.53833333333336	0.0	block1_flicker_shape1_black_counterclockwise_notarget_incorrect_or_nopressloc57_	121100057	347446
289.6716666666667	0.0	block1_flicker_shape2_black_counterclockwise_notarget_incorrect_or_nopressloc27_	122100027	347606
289.805	0.0	block1_flicker_shape1_white_counterclockwise_notarget_incorrect_or_nopressloc47_	121200047	347766
289.93833333333333	0.0	block1_flicker_shape1_black_counterclockwise_notarget_incorrect_or_nopressloc60_	121100060	347926
290.07166666666666	0.0	block1_flicker_shape1_black_counterclockwise_padding_incorrect_or_nopressloc14_	121102014	348086
290.205	0.0	block1_flicker_shape2_black_counterclockwise_padding_incorrect_or_nopressloc24_	122102024	348246
290.3383333333333	0.0	block1_flicker_shape1_white_counterclockwise_padding_incorrect_or_nopressloc61_	121202061	348406
290.4716666666667	0.0	block1_flicker_shape2_black_counterclockwise_padding_incorrect_or_nopressloc6_	122102006	348566
290.605	0.0	block1_flicker_shape2_black_counterclockwise_padding_incorrect_or_nopressloc64_	122102064	348726
290.73833333333334	0.0	block1_flicker_shape2_white_counterclockwise_padding_incorrect_or_nopressloc45_	122202045	348886
290.87166666666667	0.0	block1_flicker_shape2_black_counterclockwise_padding_incorrect_or_nopressloc54_	122102054	349046
291.005	0.0	block1_flicker_shape1_black_counterclockwise_istarget_incorrect_or_nopressloc13_	121101013	349206
291.1383333333333	0.0	block1_flicker_shape2_white_counterclockwise_padding_incorrect_or_nopressloc33_	122202033	349366
291.27166666666665	0.0	block1_flicker_shape2_white_counterclockwise_padding_incorrect_or_nopressloc15_	122202015	349526
291.40416666666664	0.0	block1_flicker_shape1_black_counterclockwise_padding_correct_or_pressloc58_	121102158	349685
291.53833333333336	0.0	block1_flicker_shape1_black_counterclockwise_padding_correct_or_pressloc7_	121102107	349846
291.67083333333335	0.0	block1_flicker_shape1_white_counterclockwise_padding_correct_or_pressloc28_	121202128	350005
291.8041666666667	0.0	block1_flicker_shape1_white_counterclockwise_padding_incorrect_or_nopressloc37_	121202037	350165
291.9375	0.0	block1_flicker_shape2_white_counterclockwise_padding_incorrect_or_nopressloc49_	122202049	350325
292.0708333333333	0.0	block1_flicker_shape1_white_counterclockwise_padding_incorrect_or_nopressloc53_	121202053	350485
292.20416666666665	0.0	block1_flicker_shape1_black_counterclockwise_notarget_incorrect_or_nopressloc27_	121100027	350645
292.3375	0.0	block1_flicker_shape1_black_counterclockwise_notarget_incorrect_or_nopressloc34_	121100034	350805
292.47083333333336	0.0	block1_flicker_shape2_black_counterclockwise_notarget_incorrect_or_nopressloc46_	122100046	350965
292.6041666666667	0.0	block1_flicker_shape1_black_counterclockwise_notarget_incorrect_or_nopressloc33_	121100033	351125
292.7375	0.0	block1_flicker_shape2_black_counterclockwise_notarget_incorrect_or_nopressloc49_	122100049	351285
292.87083333333334	0.0	block1_flicker_shape1_white_counterclockwise_notarget_incorrect_or_nopressloc18_	121200018	351445
293.00416666666666	0.0	block1_flicker_shape2_white_counterclockwise_notarget_incorrect_or_nopressloc37_	122200037	351605
293.1375	0.0	block1_flicker_shape1_white_counterclockwise_notarget_incorrect_or_nopressloc10_	121200010	351765
293.2708333333333	0.0	block1_flicker_shape2_black_counterclockwise_notarget_incorrect_or_nopressloc24_	122100024	351925
293.40416666666664	0.0	block1_flicker_shape2_white_counterclockwise_notarget_incorrect_or_nopressloc59_	122200059	352085
293.5375	0.0	block1_flicker_shape2_white_counterclockwise_notarget_incorrect_or_nopressloc15_	122200015	352245
293.67083333333335	0.0	block1_flicker_shape1_black_counterclockwise_notarget_incorrect_or_nopressloc52_	121100052	352405
293.8041666666667	0.0	block1_flicker_shape2_white_counterclockwise_notarget_incorrect_or_nopressloc63_	122200063	352565
293.9375	0.0	block1_flicker_shape1_white_counterclockwise_notarget_incorrect_or_nopressloc27_	121200027	352725
294.0708333333333	0.0	block1_flicker_shape2_white_counterclockwise_notarget_incorrect_or_nopressloc18_	122200018	352885
294.20416666666665	0.0	block1_flicker_shape1_black_counterclockwise_notarget_incorrect_or_nopressloc56_	121100056	353045
294.3375	0.0	block1_flicker_shape1_white_counterclockwise_notarget_incorrect_or_nopressloc63_	121200063	353205
294.47083333333336	0.0	block1_flicker_shape1_white_counterclockwise_notarget_incorrect_or_nopressloc53_	121200053	353365
294.6041666666667	0.0	block1_flicker_shape1_white_counterclockwise_notarget_incorrect_or_nopressloc56_	121200056	353525
294.7375	0.0	block1_flicker_shape2_white_counterclockwise_notarget_incorrect_or_nopressloc8_	122200008	353685
294.87083333333334	0.0	block1_flicker_shape1_white_counterclockwise_notarget_incorrect_or_nopressloc17_	121200017	353845
295.00416666666666	0.0	block1_flicker_shape1_black_counterclockwise_notarget_incorrect_or_nopressloc37_	121100037	354005
295.1375	0.0	block1_flicker_shape2_white_counterclockwise_notarget_incorrect_or_nopressloc45_	122200045	354165
295.2708333333333	0.0	block1_flicker_shape2_black_counterclockwise_notarget_incorrect_or_nopressloc42_	122100042	354325
295.40416666666664	0.0	block1_flicker_shape1_white_counterclockwise_notarget_incorrect_or_nopressloc36_	121200036	354485
295.5375	0.0	block1_flicker_shape1_black_counterclockwise_notarget_incorrect_or_nopressloc61_	121100061	354645
295.67083333333335	0.0	block1_flicker_shape1_white_counterclockwise_notarget_incorrect_or_nopressloc23_	121200023	354805
295.8041666666667	0.0	block1_flicker_shape1_black_counterclockwise_notarget_incorrect_or_nopressloc42_	121100042	354965
295.9375	0.0	block1_flicker_shape1_white_counterclockwise_notarget_incorrect_or_nopressloc52_	121200052	355125
296.0708333333333	0.0	block1_flicker_shape2_black_counterclockwise_notarget_incorrect_or_nopressloc22_	122100022	355285
296.20416666666665	0.0	block1_flicker_shape1_black_counterclockwise_notarget_incorrect_or_nopressloc58_	121100058	355445
296.3375	0.0	block1_flicker_shape1_black_counterclockwise_notarget_incorrect_or_nopressloc43_	121100043	355605
296.47083333333336	0.0	block1_flicker_shape2_white_counterclockwise_notarget_incorrect_or_nopressloc34_	122200034	355765
296.6041666666667	0.0	block1_flicker_shape1_black_counterclockwise_notarget_incorrect_or_nopressloc3_	121100003	355925
296.7375	0.0	block1_flicker_shape1_white_counterclockwise_notarget_incorrect_or_nopressloc16_	121200016	356085
296.87083333333334	0.0	block1_flicker_shape2_white_counterclockwise_notarget_incorrect_or_nopressloc33_	122200033	356245
297.00416666666666	0.0	block1_flicker_shape2_white_counterclockwise_notarget_incorrect_or_nopressloc64_	122200064	356405
297.1375	0.0	block1_flicker_shape1_black_counterclockwise_notarget_incorrect_or_nopressloc51_	121100051	356565
297.2708333333333	0.0	block1_flicker_shape1_black_counterclockwise_notarget_incorrect_or_nopressloc35_	121100035	356725
297.40416666666664	0.0	block1_flicker_shape2_white_counterclockwise_notarget_incorrect_or_nopressloc28_	122200028	356885
297.5375	0.0	block1_flicker_shape2_white_counterclockwise_notarget_incorrect_or_nopressloc44_	122200044	357045
297.67083333333335	0.0	block1_flicker_shape2_black_counterclockwise_notarget_incorrect_or_nopressloc51_	122100051	357205
297.8041666666667	0.0	block1_flicker_shape2_white_counterclockwise_notarget_incorrect_or_nopressloc14_	122200014	357365
297.9375	0.0	block1_flicker_shape1_white_counterclockwise_notarget_incorrect_or_nopressloc61_	121200061	357525
298.0708333333333	0.0	block1_flicker_shape2_black_counterclockwise_notarget_incorrect_or_nopressloc38_	122100038	357685
298.20416666666665	0.0	block1_flicker_shape2_black_counterclockwise_notarget_incorrect_or_nopressloc7_	122100007	357845
298.3375	0.0	block1_flicker_shape2_black_counterclockwise_notarget_incorrect_or_nopressloc31_	122100031	358005
298.47083333333336	0.0	block1_flicker_shape1_white_counterclockwise_notarget_incorrect_or_nopressloc39_	121200039	358165
298.6041666666667	0.0	block1_flicker_shape2_black_counterclockwise_notarget_incorrect_or_nopressloc16_	122100016	358325
298.7375	0.0	block1_flicker_shape2_white_counterclockwise_notarget_incorrect_or_nopressloc40_	122200040	358485
298.87083333333334	0.0	block1_flicker_shape1_white_counterclockwise_notarget_incorrect_or_nopressloc14_	121200014	358645
299.00416666666666	0.0	block1_flicker_shape1_black_counterclockwise_notarget_incorrect_or_nopressloc25_	121100025	358805
299.1375	0.0	block1_flicker_shape2_black_counterclockwise_notarget_incorrect_or_nopressloc43_	122100043	358965
299.2708333333333	0.0	block1_flicker_shape1_black_counterclockwise_notarget_incorrect_or_nopressloc23_	121100023	359125
299.40416666666664	0.0	block1_flicker_shape2_black_counterclockwise_notarget_incorrect_or_nopressloc26_	122100026	359285
299.5375	0.0	block1_flicker_shape1_black_counterclockwise_notarget_incorrect_or_nopressloc21_	121100021	359445
299.67083333333335	0.0	block1_flicker_shape1_black_counterclockwise_notarget_incorrect_or_nopressloc46_	121100046	359605
299.8041666666667	0.0	block1_flicker_shape1_white_counterclockwise_notarget_incorrect_or_nopressloc62_	121200062	359765
299.9375	0.0	block1_flicker_shape1_white_counterclockwise_notarget_incorrect_or_nopressloc11_	121200011	359925
300.0708333333333	0.0	block1_flicker_shape2_black_counterclockwise_notarget_incorrect_or_nopressloc47_	122100047	360085
300.20416666666665	0.0	block1_flicker_shape1_black_counterclockwise_notarget_incorrect_or_nopressloc18_	121100018	360245
300.3375	0.0	block1_flicker_shape1_black_counterclockwise_notarget_incorrect_or_nopressloc50_	121100050	360405
300.47083333333336	0.0	block1_flicker_shape2_white_counterclockwise_notarget_incorrect_or_nopressloc56_	122200056	360565
300.6041666666667	0.0	block1_flicker_shape1_black_counterclockwise_notarget_incorrect_or_nopressloc36_	121100036	360725
300.7375	0.0	block1_flicker_shape2_black_counterclockwise_notarget_incorrect_or_nopressloc25_	122100025	360885
300.87083333333334	0.0	block1_flicker_shape1_white_counterclockwise_notarget_incorrect_or_nopressloc2_	121200002	361045
301.00416666666666	0.0	block1_flicker_shape2_white_counterclockwise_notarget_incorrect_or_nopressloc25_	122200025	361205
301.1375	0.0	block1_flicker_shape2_black_counterclockwise_notarget_incorrect_or_nopressloc64_	122100064	361365
301.2708333333333	0.0	block1_flicker_shape2_white_counterclockwise_notarget_incorrect_or_nopressloc60_	122200060	361525
301.40416666666664	0.0	block1_flicker_shape1_black_counterclockwise_notarget_incorrect_or_nopressloc30_	121100030	361685
301.5375	0.0	block1_flicker_shape1_black_counterclockwise_notarget_incorrect_or_nopressloc44_	121100044	361845
301.67083333333335	0.0	block1_flicker_shape2_black_counterclockwise_notarget_incorrect_or_nopressloc40_	122100040	362005
301.8041666666667	0.0	block1_flicker_shape1_white_counterclockwise_notarget_incorrect_or_nopressloc58_	121200058	362165
301.9375	0.0	block1_flicker_shape2_black_counterclockwise_notarget_incorrect_or_nopressloc58_	122100058	362325
302.0708333333333	0.0	block1_flicker_shape2_black_counterclockwise_notarget_incorrect_or_nopressloc52_	122100052	362485
302.20416666666665	0.0	block1_flicker_shape2_black_counterclockwise_notarget_incorrect_or_nopressloc9_	122100009	362645
302.3375	0.0	block1_flicker_shape2_white_counterclockwise_notarget_incorrect_or_nopressloc4_	122200004	362805
302.47083333333336	0.0	block1_flicker_shape1_white_counterclockwise_notarget_incorrect_or_nopressloc34_	121200034	362965
302.6041666666667	0.0	block1_flicker_shape1_black_counterclockwise_notarget_incorrect_or_nopressloc40_	121100040	363125
302.7375	0.0	block1_flicker_shape2_white_counterclockwise_notarget_incorrect_or_nopressloc10_	122200010	363285
302.87083333333334	0.0	block1_flicker_shape2_white_counterclockwise_notarget_incorrect_or_nopressloc2_	122200002	363445
303.00416666666666	0.0	block1_flicker_shape2_black_counterclockwise_notarget_incorrect_or_nopressloc39_	122100039	363605
303.1375	0.0	block1_flicker_shape1_white_counterclockwise_notarget_incorrect_or_nopressloc31_	121200031	363765
303.2708333333333	0.0	block1_flicker_shape1_white_counterclockwise_notarget_incorrect_or_nopressloc59_	121200059	363925
303.40416666666664	0.0	block1_flicker_shape1_white_counterclockwise_notarget_incorrect_or_nopressloc20_	121200020	364085
303.5375	0.0	block1_flicker_shape1_black_counterclockwise_notarget_incorrect_or_nopressloc9_	121100009	364245
303.67083333333335	0.0	block1_flicker_shape2_white_counterclockwise_notarget_incorrect_or_nopressloc46_	122200046	364405
303.8041666666667	0.0	block1_flicker_shape2_black_counterclockwise_notarget_incorrect_or_nopressloc35_	122100035	364565
303.9375	0.0	block1_flicker_shape2_black_counterclockwise_notarget_incorrect_or_nopressloc18_	122100018	364725
304.0708333333333	0.0	block1_flicker_shape1_white_counterclockwise_notarget_incorrect_or_nopressloc6_	121200006	364885
304.20416666666665	0.0	block1_flicker_shape1_black_counterclockwise_notarget_incorrect_or_nopressloc41_	121100041	365045
304.3375	0.0	block1_flicker_shape1_black_counterclockwise_notarget_incorrect_or_nopressloc19_	121100019	365205
304.47083333333336	0.0	block1_flicker_shape2_white_counterclockwise_notarget_incorrect_or_nopressloc3_	122200003	365365
304.6041666666667	0.0	block1_flicker_shape1_white_counterclockwise_notarget_incorrect_or_nopressloc55_	121200055	365525
304.7375	0.0	block1_flicker_shape2_white_counterclockwise_notarget_incorrect_or_nopressloc27_	122200027	365685
304.87083333333334	0.0	block1_flicker_shape1_black_counterclockwise_notarget_incorrect_or_nopressloc53_	121100053	365845
305.00416666666666	0.0	block1_flicker_shape2_black_counterclockwise_notarget_incorrect_or_nopressloc55_	122100055	366005
305.1375	0.0	block1_flicker_shape2_black_counterclockwise_notarget_incorrect_or_nopressloc6_	122100006	366165
305.2708333333333	0.0	block1_flicker_shape1_white_counterclockwise_notarget_incorrect_or_nopressloc22_	121200022	366325
305.40416666666664	0.0	block1_flicker_shape1_white_counterclockwise_notarget_incorrect_or_nopressloc49_	121200049	366485
305.5375	0.0	block1_flicker_shape1_white_counterclockwise_notarget_incorrect_or_nopressloc35_	121200035	366645
305.67083333333335	0.0	block1_flicker_shape2_white_counterclockwise_notarget_incorrect_or_nopressloc47_	122200047	366805
305.8041666666667	0.0	block1_flicker_shape1_white_counterclockwise_notarget_incorrect_or_nopressloc43_	121200043	366965
305.9375	0.0	block1_flicker_shape1_black_counterclockwise_notarget_incorrect_or_nopressloc45_	121100045	367125
306.0708333333333	0.0	block1_flicker_shape2_white_counterclockwise_notarget_incorrect_or_nopressloc55_	122200055	367285
306.20416666666665	0.0	block1_flicker_shape1_white_counterclockwise_notarget_incorrect_or_nopressloc33_	121200033	367445
306.3375	0.0	block1_flicker_shape1_white_counterclockwise_notarget_incorrect_or_nopressloc15_	121200015	367605
306.47083333333336	0.0	block1_flicker_shape1_black_counterclockwise_notarget_incorrect_or_nopressloc10_	121100010	367765
306.6041666666667	0.0	block1_flicker_shape2_black_counterclockwise_notarget_incorrect_or_nopressloc14_	122100014	367925
306.7375	0.0	block1_flicker_shape2_black_counterclockwise_notarget_incorrect_or_nopressloc1_	122100001	368085
306.87083333333334	0.0	block1_flicker_shape2_white_counterclockwise_notarget_incorrect_or_nopressloc54_	122200054	368245
307.00416666666666	0.0	block1_flicker_shape2_white_counterclockwise_notarget_incorrect_or_nopressloc30_	122200030	368405
307.1375	0.0	block1_flicker_shape2_white_counterclockwise_notarget_incorrect_or_nopressloc42_	122200042	368565
307.2708333333333	0.0	block1_flicker_shape2_black_counterclockwise_notarget_incorrect_or_nopressloc54_	122100054	368725
307.40416666666664	0.0	block1_flicker_shape1_white_counterclockwise_notarget_incorrect_or_nopressloc5_	121200005	368885
307.5375	0.0	block1_flicker_shape2_black_counterclockwise_notarget_incorrect_or_nopressloc44_	122100044	369045
307.67083333333335	0.0	block1_flicker_shape2_black_counterclockwise_notarget_incorrect_or_nopressloc34_	122100034	369205
307.8041666666667	0.0	block1_flicker_shape2_black_counterclockwise_notarget_incorrect_or_nopressloc53_	122100053	369365
307.93666666666667	0.0	block1_flicker_shape2_black_counterclockwise_notarget_incorrect_or_nopressloc50_	122100050	369524
308.0708333333333	0.0	block1_flicker_shape1_black_counterclockwise_notarget_incorrect_or_nopressloc64_	121100064	369685
308.20416666666665	0.0	block1_flicker_shape1_black_counterclockwise_notarget_incorrect_or_nopressloc54_	121100054	369845
308.33666666666664	0.0	block1_flicker_shape1_white_counterclockwise_notarget_incorrect_or_nopressloc30_	121200030	370004
308.47083333333336	0.0	block1_flicker_shape2_black_counterclockwise_notarget_incorrect_or_nopressloc12_	122100012	370165
308.60333333333335	0.0	block1_flicker_shape2_black_counterclockwise_notarget_incorrect_or_nopressloc19_	122100019	370324
308.7366666666667	0.0	block1_flicker_shape1_white_counterclockwise_notarget_incorrect_or_nopressloc32_	121200032	370484
308.87083333333334	0.0	block1_flicker_shape2_black_counterclockwise_notarget_incorrect_or_nopressloc5_	122100005	370645
309.00333333333333	0.0	block1_flicker_shape2_white_counterclockwise_notarget_incorrect_or_nopressloc13_	122200013	370804
309.13666666666666	0.0	block1_flicker_shape2_white_counterclockwise_notarget_incorrect_or_nopressloc9_	122200009	370964
309.27	0.0	block1_flicker_shape2_black_counterclockwise_notarget_incorrect_or_nopressloc30_	122100030	371124
309.4033333333333	0.0	block1_flicker_shape1_white_counterclockwise_notarget_incorrect_or_nopressloc64_	121200064	371284
309.5366666666667	0.0	block1_flicker_shape1_black_counterclockwise_notarget_incorrect_or_nopressloc48_	121100048	371444
309.67	0.0	block1_flicker_shape1_black_counterclockwise_notarget_incorrect_or_nopressloc32_	121100032	371604
309.80333333333334	0.0	block1_flicker_shape2_black_counterclockwise_notarget_incorrect_or_nopressloc13_	122100013	371764
309.93666666666667	0.0	block1_flicker_shape2_white_counterclockwise_notarget_incorrect_or_nopressloc58_	122200058	371924
310.07	0.0	block1_flicker_shape2_black_counterclockwise_notarget_incorrect_or_nopressloc61_	122100061	372084
310.2033333333333	0.0	block1_flicker_shape2_white_counterclockwise_notarget_incorrect_or_nopressloc23_	122200023	372244
310.33666666666664	0.0	block1_flicker_shape1_black_counterclockwise_notarget_incorrect_or_nopressloc12_	121100012	372404
310.47	0.0	block1_flicker_shape1_black_counterclockwise_notarget_incorrect_or_nopressloc47_	121100047	372564
310.60333333333335	0.0	block1_flicker_shape2_black_counterclockwise_notarget_incorrect_or_nopressloc48_	122100048	372724
310.7366666666667	0.0	block1_flicker_shape1_white_counterclockwise_notarget_incorrect_or_nopressloc60_	121200060	372884
310.87	0.0	block1_flicker_shape2_white_counterclockwise_notarget_incorrect_or_nopressloc5_	122200005	373044
311.00333333333333	0.0	block1_flicker_shape2_black_counterclockwise_notarget_incorrect_or_nopressloc32_	122100032	373204
311.13666666666666	0.0	block1_flicker_shape2_black_counterclockwise_notarget_incorrect_or_nopressloc60_	122100060	373364
311.27	0.0	block1_flicker_shape2_white_counterclockwise_notarget_incorrect_or_nopressloc19_	122200019	373524
311.4033333333333	0.0	block1_flicker_shape2_white_counterclockwise_notarget_incorrect_or_nopressloc38_	122200038	373684
311.5366666666667	0.0	block1_flicker_shape1_black_counterclockwise_notarget_incorrect_or_nopressloc2_	121100002	373844
311.67	0.0	block1_flicker_shape1_white_counterclockwise_notarget_incorrect_or_nopressloc1_	121200001	374004
311.80333333333334	0.0	block1_flicker_shape2_black_counterclockwise_notarget_incorrect_or_nopressloc21_	122100021	374164
311.93666666666667	0.0	block1_flicker_shape1_black_counterclockwise_notarget_incorrect_or_nopressloc8_	121100008	374324
312.07	0.0	block1_flicker_shape1_white_counterclockwise_notarget_incorrect_or_nopressloc21_	121200021	374484
312.2033333333333	0.0	block1_flicker_shape1_white_counterclockwise_notarget_incorrect_or_nopressloc42_	121200042	374644
312.33666666666664	0.0	block1_flicker_shape1_black_counterclockwise_notarget_incorrect_or_nopressloc31_	121100031	374804
312.47	0.0	block1_flicker_shape2_white_counterclockwise_notarget_incorrect_or_nopressloc35_	122200035	374964
312.60333333333335	0.0	block1_flicker_shape1_black_counterclockwise_notarget_incorrect_or_nopressloc38_	121100038	375124
312.7366666666667	0.0	block1_flicker_shape1_white_counterclockwise_notarget_incorrect_or_nopressloc41_	121200041	375284
312.87	0.0	block1_flicker_shape2_black_counterclockwise_notarget_incorrect_or_nopressloc4_	122100004	375444
313.00333333333333	0.0	block1_flicker_shape1_black_counterclockwise_notarget_incorrect_or_nopressloc13_	121100013	375604
313.13666666666666	0.0	block1_flicker_shape2_white_counterclockwise_notarget_incorrect_or_nopressloc20_	122200020	375764
313.27	0.0	block1_flicker_shape2_black_counterclockwise_notarget_incorrect_or_nopressloc17_	122100017	375924
313.4033333333333	0.0	block1_flicker_shape2_white_counterclockwise_notarget_incorrect_or_nopressloc62_	122200062	376084
313.5366666666667	0.0	block1_flicker_shape1_black_counterclockwise_notarget_incorrect_or_nopressloc49_	121100049	376244
313.67	0.0	block1_flicker_shape2_white_counterclockwise_notarget_incorrect_or_nopressloc41_	122200041	376404
313.80333333333334	0.0	block1_flicker_shape1_white_counterclockwise_notarget_incorrect_or_nopressloc29_	121200029	376564
313.93666666666667	0.0	block1_flicker_shape2_white_counterclockwise_notarget_incorrect_or_nopressloc48_	122200048	376724
314.07	0.0	block1_flicker_shape2_black_counterclockwise_notarget_incorrect_or_nopressloc3_	122100003	376884
314.2033333333333	0.0	block1_flicker_shape2_white_counterclockwise_notarget_incorrect_or_nopressloc39_	122200039	377044
314.33666666666664	0.0	block1_flicker_shape1_black_counterclockwise_notarget_incorrect_or_nopressloc62_	121100062	377204
314.47	0.0	block1_flicker_shape1_black_counterclockwise_notarget_incorrect_or_nopressloc22_	121100022	377364
314.60333333333335	0.0	block1_flicker_shape1_white_counterclockwise_notarget_incorrect_or_nopressloc28_	121200028	377524
314.7366666666667	0.0	block1_flicker_shape1_black_counterclockwise_notarget_incorrect_or_nopressloc28_	121100028	377684
314.87	0.0	block1_flicker_shape2_white_counterclockwise_notarget_incorrect_or_nopressloc43_	122200043	377844
315.00333333333333	0.0	block1_flicker_shape1_black_counterclockwise_notarget_incorrect_or_nopressloc55_	121100055	378004
315.13666666666666	0.0	block1_flicker_shape2_black_counterclockwise_notarget_incorrect_or_nopressloc11_	122100011	378164
315.27	0.0	block1_flicker_shape1_white_counterclockwise_notarget_incorrect_or_nopressloc8_	121200008	378324
315.4033333333333	0.0	block1_flicker_shape1_black_counterclockwise_notarget_incorrect_or_nopressloc63_	121100063	378484
315.5366666666667	0.0	block1_flicker_shape2_black_counterclockwise_notarget_incorrect_or_nopressloc45_	122100045	378644
315.67	0.0	block1_flicker_shape1_black_counterclockwise_notarget_incorrect_or_nopressloc39_	121100039	378804
315.80333333333334	0.0	block1_flicker_shape1_black_counterclockwise_notarget_incorrect_or_nopressloc14_	121100014	378964
323.05333333333334	0.0	block1_flicker_shape1_white_counterclockwise_padding_incorrect_or_nopressloc49_	121202049	387664
323.20416666666665	0.0	block1_flicker_shape2_white_counterclockwise_notarget_incorrect_or_nopressloc30_	122200030	387845
323.33666666666664	0.0	block1_flicker_shape2_white_counterclockwise_notarget_incorrect_or_nopressloc26_	122200026	388004
323.47	0.0	block1_flicker_shape1_black_counterclockwise_notarget_incorrect_or_nopressloc2_	121100002	388164
323.60333333333335	0.0	block1_flicker_shape1_black_counterclockwise_notarget_incorrect_or_nopressloc52_	121100052	388324
323.7366666666667	0.0	block1_flicker_shape2_white_counterclockwise_notarget_incorrect_or_nopressloc47_	122200047	388484
323.87	0.0	block1_flicker_shape2_black_counterclockwise_notarget_incorrect_or_nopressloc28_	122100028	388644
324.00333333333333	0.0	block1_flicker_shape2_black_counterclockwise_notarget_incorrect_or_nopressloc19_	122100019	388804
324.1358333333333	0.0	block1_flicker_shape2_white_counterclockwise_notarget_incorrect_or_nopressloc48_	122200048	388963
324.27	0.0	block1_flicker_shape2_white_counterclockwise_notarget_incorrect_or_nopressloc36_	122200036	389124
324.4025	0.0	block1_flicker_shape1_black_counterclockwise_notarget_incorrect_or_nopressloc4_	121100004	389283
324.53583333333336	0.0	block1_flicker_shape2_white_counterclockwise_notarget_incorrect_or_nopressloc42_	122200042	389443
324.6691666666667	0.0	block1_flicker_shape1_white_counterclockwise_notarget_incorrect_or_nopressloc58_	121200058	389603
324.8025	0.0	block1_flicker_shape1_white_counterclockwise_notarget_incorrect_or_nopressloc54_	121200054	389763
324.93583333333333	0.0	block1_flicker_shape2_black_counterclockwise_notarget_incorrect_or_nopressloc36_	122100036	389923
325.06916666666666	0.0	block1_flicker_shape2_black_counterclockwise_notarget_incorrect_or_nopressloc40_	122100040	390083
325.2025	0.0	block1_flicker_shape1_black_counterclockwise_notarget_incorrect_or_nopressloc22_	121100022	390243
325.3358333333333	0.0	block1_flicker_shape2_white_counterclockwise_padding_incorrect_or_nopressloc29_	122202029	390403
325.4691666666667	0.0	block1_flicker_shape1_white_counterclockwise_padding_incorrect_or_nopressloc37_	121202037	390563
325.6025	0.0	block1_flicker_shape1_white_counterclockwise_padding_incorrect_or_nopressloc27_	121202027	390723
325.73583333333335	0.0	block1_flicker_shape2_black_counterclockwise_padding_incorrect_or_nopressloc5_	122102005	390883
325.8691666666667	0.0	block1_flicker_shape1_black_counterclockwise_padding_incorrect_or_nopressloc35_	121102035	391043
326.0025	0.0	block1_flicker_shape1_white_counterclockwise_padding_incorrect_or_nopressloc59_	121202059	391203
326.1358333333333	0.0	block1_flicker_shape1_black_counterclockwise_padding_incorrect_or_nopressloc25_	121102025	391363
326.26916666666665	0.0	block1_flicker_shape1_black_counterclockwise_istarget_incorrect_or_nopressloc38_	121101038	391523
326.4025	0.0	block1_flicker_shape2_white_counterclockwise_padding_incorrect_or_nopressloc49_	122202049	391683
326.53583333333336	0.0	block1_flicker_shape1_black_counterclockwise_padding_incorrect_or_nopressloc48_	121102048	391843
326.6691666666667	0.0	block1_flicker_shape2_black_counterclockwise_padding_correct_or_pressloc7_	122102107	392003
326.8025	0.0	block1_flicker_shape2_black_counterclockwise_padding_correct_or_pressloc8_	122102108	392163
326.93583333333333	0.0	block1_flicker_shape2_white_counterclockwise_padding_incorrect_or_nopressloc39_	122202039	392323
327.06916666666666	0.0	block1_flicker_shape2_white_counterclockwise_padding_incorrect_or_nopressloc55_	122202055	392483
327.2025	0.0	block1_flicker_shape2_black_counterclockwise_padding_incorrect_or_nopressloc40_	122102040	392643
327.3358333333333	0.0	block1_flicker_shape1_white_counterclockwise_padding_incorrect_or_nopressloc46_	121202046	392803
327.4691666666667	0.0	block1_flicker_shape1_black_counterclockwise_notarget_incorrect_or_nopressloc35_	121100035	392963
327.6025	0.0	block1_flicker_shape1_black_counterclockwise_notarget_incorrect_or_nopressloc38_	121100038	393123
327.73583333333335	0.0	block1_flicker_shape1_white_counterclockwise_notarget_incorrect_or_nopressloc8_	121200008	393283
327.8691666666667	0.0	block1_flicker_shape1_white_counterclockwise_notarget_incorrect_or_nopressloc12_	121200012	393443
328.0025	0.0	block1_flicker_shape2_white_counterclockwise_notarget_incorrect_or_nopressloc37_	122200037	393603
328.1358333333333	0.0	block1_flicker_shape1_white_counterclockwise_notarget_incorrect_or_nopressloc18_	121200018	393763
328.26916666666665	0.0	block1_flicker_shape2_black_counterclockwise_notarget_incorrect_or_nopressloc6_	122100006	393923
328.4025	0.0	block1_flicker_shape2_white_counterclockwise_notarget_incorrect_or_nopressloc19_	122200019	394083
328.53583333333336	0.0	block1_flicker_shape2_black_counterclockwise_notarget_incorrect_or_nopressloc53_	122100053	394243
328.6691666666667	0.0	block1_flicker_shape1_black_counterclockwise_notarget_incorrect_or_nopressloc18_	121100018	394403
328.8025	0.0	block1_flicker_shape1_black_counterclockwise_notarget_incorrect_or_nopressloc63_	121100063	394563
328.93583333333333	0.0	block1_flicker_shape1_white_counterclockwise_notarget_incorrect_or_nopressloc47_	121200047	394723
329.06916666666666	0.0	block1_flicker_shape2_black_counterclockwise_notarget_incorrect_or_nopressloc48_	122100048	394883
329.2025	0.0	block1_flicker_shape2_black_counterclockwise_notarget_incorrect_or_nopressloc21_	122100021	395043
329.3358333333333	0.0	block1_flicker_shape1_black_counterclockwise_notarget_incorrect_or_nopressloc62_	121100062	395203
329.4691666666667	0.0	block1_flicker_shape1_white_counterclockwise_notarget_incorrect_or_nopressloc7_	121200007	395363
329.6025	0.0	block1_flicker_shape1_white_counterclockwise_notarget_incorrect_or_nopressloc14_	121200014	395523
329.73583333333335	0.0	block1_flicker_shape1_white_counterclockwise_notarget_incorrect_or_nopressloc29_	121200029	395683
329.8691666666667	0.0	block1_flicker_shape1_white_counterclockwise_notarget_incorrect_or_nopressloc3_	121200003	395843
330.0025	0.0	block1_flicker_shape2_black_counterclockwise_notarget_incorrect_or_nopressloc13_	122100013	396003
330.1358333333333	0.0	block1_flicker_shape1_white_counterclockwise_notarget_incorrect_or_nopressloc11_	121200011	396163
330.26916666666665	0.0	block1_flicker_shape1_black_counterclockwise_notarget_incorrect_or_nopressloc60_	121100060	396323
330.4025	0.0	block1_flicker_shape2_black_counterclockwise_notarget_incorrect_or_nopressloc1_	122100001	396483
330.53583333333336	0.0	block1_flicker_shape2_white_counterclockwise_notarget_incorrect_or_nopressloc34_	122200034	396643
330.6691666666667	0.0	block1_flicker_shape1_black_counterclockwise_notarget_incorrect_or_nopressloc32_	121100032	396803
330.8025	0.0	block1_flicker_shape2_white_counterclockwise_notarget_incorrect_or_nopressloc43_	122200043	396963
330.93583333333333	0.0	block1_flicker_shape1_white_counterclockwise_notarget_incorrect_or_nopressloc50_	121200050	397123
331.06916666666666	0.0	block1_flicker_shape2_black_counterclockwise_notarget_incorrect_or_nopressloc8_	122100008	397283
331.2025	0.0	block1_flicker_shape2_black_counterclockwise_notarget_incorrect_or_nopressloc63_	122100063	397443
331.3358333333333	0.0	block1_flicker_shape1_black_counterclockwise_notarget_incorrect_or_nopressloc5_	121100005	397603
331.4691666666667	0.0	block1_flicker_shape2_white_counterclockwise_notarget_incorrect_or_nopressloc57_	122200057	397763
331.6025	0.0	block1_flicker_shape1_white_counterclockwise_notarget_incorrect_or_nopressloc31_	121200031	397923
331.73583333333335	0.0	block1_flicker_shape1_black_counterclockwise_notarget_incorrect_or_nopressloc24_	121100024	398083
331.8691666666667	0.0	block1_flicker_shape2_black_counterclockwise_notarget_incorrect_or_nopressloc64_	122100064	398243
332.0025	0.0	block1_flicker_shape2_black_counterclockwise_notarget_incorrect_or_nopressloc17_	122100017	398403
332.1358333333333	0.0	block1_flicker_shape2_black_counterclockwise_notarget_incorrect_or_nopressloc60_	122100060	398563
332.26916666666665	0.0	block1_flicker_shape2_black_counterclockwise_notarget_incorrect_or_nopressloc57_	122100057	398723
332.4025	0.0	block1_flicker_shape2_white_counterclockwise_notarget_incorrect_or_nopressloc24_	122200024	398883
332.53583333333336	0.0	block1_flicker_shape2_black_counterclockwise_notarget_incorrect_or_nopressloc23_	122100023	399043
332.6691666666667	0.0	block1_flicker_shape2_black_counterclockwise_notarget_incorrect_or_nopressloc54_	122100054	399203
332.8025	0.0	block1_flicker_shape2_black_counterclockwise_notarget_incorrect_or_nopressloc44_	122100044	399363
332.93583333333333	0.0	block1_flicker_shape1_black_counterclockwise_notarget_incorrect_or_nopressloc47_	121100047	399523
333.06916666666666	0.0	block1_flicker_shape1_black_counterclockwise_notarget_incorrect_or_nopressloc16_	121100016	399683
333.2025	0.0	block1_flicker_shape2_white_counterclockwise_notarget_incorrect_or_nopressloc8_	122200008	399843
333.3358333333333	0.0	block1_flicker_shape2_white_counterclockwise_notarget_incorrect_or_nopressloc51_	122200051	400003
333.4691666666667	0.0	block1_flicker_shape1_black_counterclockwise_notarget_incorrect_or_nopressloc34_	121100034	400163
333.6025	0.0	block1_flicker_shape1_white_counterclockwise_notarget_incorrect_or_nopressloc40_	121200040	400323
333.73583333333335	0.0	block1_flicker_shape2_white_counterclockwise_notarget_incorrect_or_nopressloc62_	122200062	400483
333.8691666666667	0.0	block1_flicker_shape1_black_counterclockwise_notarget_incorrect_or_nopressloc64_	121100064	400643
334.0025	0.0	block1_flicker_shape1_black_counterclockwise_notarget_incorrect_or_nopressloc21_	121100021	400803
334.1358333333333	0.0	block1_flicker_shape2_black_counterclockwise_notarget_incorrect_or_nopressloc42_	122100042	400963
334.26916666666665	0.0	block1_flicker_shape1_white_counterclockwise_notarget_incorrect_or_nopressloc28_	121200028	401123
334.4025	0.0	block1_flicker_shape1_white_counterclockwise_notarget_incorrect_or_nopressloc43_	121200043	401283
334.53583333333336	0.0	block1_flicker_shape2_black_counterclockwise_notarget_incorrect_or_nopressloc52_	122100052	401443
334.6691666666667	0.0	block1_flicker_shape1_white_counterclockwise_notarget_incorrect_or_nopressloc36_	121200036	401603
334.8025	0.0	block1_flicker_shape2_white_counterclockwise_notarget_incorrect_or_nopressloc35_	122200035	401763
334.93583333333333	0.0	block1_flicker_shape2_white_counterclockwise_notarget_incorrect_or_nopressloc21_	122200021	401923
335.06916666666666	0.0	block1_flicker_shape1_black_counterclockwise_notarget_incorrect_or_nopressloc36_	121100036	402083
335.2025	0.0	block1_flicker_shape2_white_counterclockwise_notarget_incorrect_or_nopressloc29_	122200029	402243
335.3358333333333	0.0	block1_flicker_shape2_white_counterclockwise_notarget_incorrect_or_nopressloc6_	122200006	402403
335.4691666666667	0.0	block1_flicker_shape1_black_counterclockwise_notarget_incorrect_or_nopressloc61_	121100061	402563
335.6025	0.0	block1_flicker_shape2_white_counterclockwise_notarget_incorrect_or_nopressloc63_	122200063	402723
335.73583333333335	0.0	block1_flicker_shape1_black_counterclockwise_notarget_incorrect_or_nopressloc49_	121100049	402883
335.8691666666667	0.0	block1_flicker_shape2_white_counterclockwise_notarget_incorrect_or_nopressloc28_	122200028	403043
336.0025	0.0	block1_flicker_shape2_white_counterclockwise_notarget_incorrect_or_nopressloc52_	122200052	403203
336.1358333333333	0.0	block1_flicker_shape2_white_counterclockwise_notarget_incorrect_or_nopressloc54_	122200054	403363
336.26916666666665	0.0	block1_flicker_shape1_black_counterclockwise_notarget_incorrect_or_nopressloc29_	121100029	403523
336.4025	0.0	block1_flicker_shape1_black_counterclockwise_notarget_incorrect_or_nopressloc15_	121100015	403683
336.53583333333336	0.0	block1_flicker_shape2_black_counterclockwise_notarget_incorrect_or_nopressloc45_	122100045	403843
336.6691666666667	0.0	block1_flicker_shape1_white_counterclockwise_notarget_incorrect_or_nopressloc51_	121200051	404003
336.8025	0.0	block1_flicker_shape1_white_counterclockwise_notarget_incorrect_or_nopressloc60_	121200060	404163
336.93583333333333	0.0	block1_flicker_shape1_black_counterclockwise_notarget_incorrect_or_nopressloc30_	121100030	404323
337.06916666666666	0.0	block1_flicker_shape1_white_counterclockwise_notarget_incorrect_or_nopressloc26_	121200026	404483
337.2025	0.0	block1_flicker_shape2_black_counterclockwise_notarget_incorrect_or_nopressloc9_	122100009	404643
337.3358333333333	0.0	block1_flicker_shape1_white_counterclockwise_notarget_incorrect_or_nopressloc44_	121200044	404803
337.4691666666667	0.0	block1_flicker_shape2_white_counterclockwise_notarget_incorrect_or_nopressloc59_	122200059	404963
337.6025	0.0	block1_flicker_shape2_black_counterclockwise_notarget_incorrect_or_nopressloc25_	122100025	405123
337.73583333333335	0.0	block1_flicker_shape2_white_counterclockwise_notarget_incorrect_or_nopressloc64_	122200064	405283
337.8691666666667	0.0	block1_flicker_shape2_white_counterclockwise_notarget_incorrect_or_nopressloc1_	122200001	405443
338.0025	0.0	block1_flicker_shape2_white_counterclockwise_notarget_incorrect_or_nopressloc33_	122200033	405603
338.1358333333333	0.0	block1_flicker_shape2_black_counterclockwise_notarget_incorrect_or_nopressloc15_	122100015	405763
338.26916666666665	0.0	block1_flicker_shape1_black_counterclockwise_notarget_incorrect_or_nopressloc41_	121100041	405923
338.4025	0.0	block1_flicker_shape1_white_counterclockwise_notarget_incorrect_or_nopressloc64_	121200064	406083
338.53583333333336	0.0	block1_flicker_shape2_white_counterclockwise_notarget_incorrect_or_nopressloc3_	122200003	406243
338.6691666666667	0.0	block1_flicker_shape2_black_counterclockwise_notarget_incorrect_or_nopressloc5_	122100005	406403
338.8025	0.0	block1_flicker_shape1_black_counterclockwise_notarget_incorrect_or_nopressloc9_	121100009	406563
338.93583333333333	0.0	block1_flicker_shape1_black_counterclockwise_notarget_incorrect_or_nopressloc11_	121100011	406723
339.06916666666666	0.0	block1_flicker_shape2_white_counterclockwise_notarget_incorrect_or_nopressloc38_	122200038	406883
339.2025	0.0	block1_flicker_shape1_black_counterclockwise_notarget_incorrect_or_nopressloc23_	121100023	407043
339.3358333333333	0.0	block1_flicker_shape1_black_counterclockwise_notarget_incorrect_or_nopressloc48_	121100048	407203
339.4691666666667	0.0	block1_flicker_shape1_black_counterclockwise_notarget_incorrect_or_nopressloc46_	121100046	407363
339.6025	0.0	block1_flicker_shape2_black_counterclockwise_notarget_incorrect_or_nopressloc38_	122100038	407523
339.73583333333335	0.0	block1_flicker_shape1_white_counterclockwise_notarget_incorrect_or_nopressloc4_	121200004	407683
339.8691666666667	0.0	block1_flicker_shape2_white_counterclockwise_notarget_incorrect_or_nopressloc17_	122200017	407843
340.00166666666667	0.0	block1_flicker_shape2_white_counterclockwise_notarget_incorrect_or_nopressloc27_	122200027	408002
340.1358333333333	0.0	block1_flicker_shape1_white_counterclockwise_notarget_incorrect_or_nopressloc20_	121200020	408163
340.2683333333333	0.0	block1_flicker_shape1_white_counterclockwise_notarget_incorrect_or_nopressloc1_	121200001	408322
340.40166666666664	0.0	block1_flicker_shape2_white_counterclockwise_notarget_incorrect_or_nopressloc49_	122200049	408482
340.535	0.0	block1_flicker_shape2_black_counterclockwise_notarget_incorrect_or_nopressloc27_	122100027	408642
340.66833333333335	0.0	block1_flicker_shape1_white_counterclockwise_notarget_incorrect_or_nopressloc37_	121200037	408802
340.8016666666667	0.0	block1_flicker_shape1_white_counterclockwise_notarget_incorrect_or_nopressloc38_	121200038	408962
340.935	0.0	block1_flicker_shape2_white_counterclockwise_notarget_incorrect_or_nopressloc9_	122200009	409122
341.0683333333333	0.0	block1_flicker_shape2_white_counterclockwise_notarget_incorrect_or_nopressloc61_	122200061	409282
341.20166666666665	0.0	block1_flicker_shape1_black_counterclockwise_notarget_incorrect_or_nopressloc28_	121100028	409442
341.335	0.0	block1_flicker_shape2_black_counterclockwise_notarget_incorrect_or_nopressloc50_	122100050	409602
341.4683333333333	0.0	block1_flicker_shape2_black_counterclockwise_notarget_incorrect_or_nopressloc11_	122100011	409762
341.6016666666667	0.0	block1_flicker_shape1_black_counterclockwise_notarget_incorrect_or_nopressloc37_	121100037	409922
341.735	0.0	block1_flicker_shape2_white_counterclockwise_notarget_incorrect_or_nopressloc20_	122200020	410082
341.86833333333334	0.0	block1_flicker_shape1_black_counterclockwise_notarget_incorrect_or_nopressloc25_	121100025	410242
342.00166666666667	0.0	block1_flicker_shape1_white_counterclockwise_notarget_incorrect_or_nopressloc30_	121200030	410402
342.135	0.0	block1_flicker_shape1_black_counterclockwise_notarget_incorrect_or_nopressloc50_	121100050	410562
342.2683333333333	0.0	block1_flicker_shape1_black_counterclockwise_notarget_incorrect_or_nopressloc51_	121100051	410722
342.40166666666664	0.0	block1_flicker_shape2_white_counterclockwise_notarget_incorrect_or_nopressloc10_	122200010	410882
342.535	0.0	block1_flicker_shape2_white_counterclockwise_padding_incorrect_or_nopressloc32_	122202032	411042
342.66833333333335	0.0	block1_flicker_shape2_white_counterclockwise_padding_incorrect_or_nopressloc31_	122202031	411202
342.8016666666667	0.0	block1_flicker_shape1_black_counterclockwise_padding_incorrect_or_nopressloc3_	121102003	411362
342.935	0.0	block1_flicker_shape1_white_counterclockwise_padding_incorrect_or_nopressloc53_	121202053	411522
343.0683333333333	0.0	block1_flicker_shape2_white_counterclockwise_padding_incorrect_or_nopressloc48_	122202048	411682
343.20166666666665	0.0	block1_flicker_shape1_white_counterclockwise_padding_incorrect_or_nopressloc18_	121202018	411842
343.335	0.0	block1_flicker_shape1_white_counterclockwise_padding_incorrect_or_nopressloc13_	121202013	412002
343.4683333333333	0.0	block1_flicker_shape2_black_counterclockwise_istarget_incorrect_or_nopressloc14_	122101014	412162
343.6016666666667	0.0	block1_flicker_shape1_white_counterclockwise_padding_incorrect_or_nopressloc40_	121202040	412322
343.735	0.0	block1_flicker_shape1_black_counterclockwise_padding_incorrect_or_nopressloc49_	121102049	412482
343.86833333333334	0.0	block1_flicker_shape2_white_counterclockwise_padding_incorrect_or_nopressloc17_	122202017	412642
344.00166666666667	0.0	block1_flicker_shape2_black_counterclockwise_padding_correct_or_pressloc28_	122102128	412802
344.135	0.0	block1_flicker_shape2_black_counterclockwise_padding_correct_or_pressloc7_	122102107	412962
344.2683333333333	0.0	block1_flicker_shape1_black_counterclockwise_padding_incorrect_or_nopressloc5_	121102005	413122
344.40166666666664	0.0	block1_flicker_shape1_black_counterclockwise_padding_incorrect_or_nopressloc61_	121102061	413282
344.535	0.0	block1_flicker_shape2_black_counterclockwise_padding_incorrect_or_nopressloc27_	122102027	413442
344.66833333333335	0.0	block1_flicker_shape2_black_counterclockwise_notarget_incorrect_or_nopressloc58_	122100058	413602
344.8016666666667	0.0	block1_flicker_shape2_black_counterclockwise_notarget_incorrect_or_nopressloc14_	122100014	413762
344.935	0.0	block1_flicker_shape1_white_counterclockwise_notarget_incorrect_or_nopressloc24_	121200024	413922
345.0683333333333	0.0	block1_flicker_shape1_black_counterclockwise_notarget_incorrect_or_nopressloc43_	121100043	414082
345.20166666666665	0.0	block1_flicker_shape2_white_counterclockwise_notarget_incorrect_or_nopressloc25_	122200025	414242
345.335	0.0	block1_flicker_shape2_black_counterclockwise_notarget_incorrect_or_nopressloc4_	122100004	414402
345.4683333333333	0.0	block1_flicker_shape2_white_counterclockwise_notarget_incorrect_or_nopressloc16_	122200016	414562
345.6016666666667	0.0	block1_flicker_shape1_white_counterclockwise_notarget_incorrect_or_nopressloc46_	121200046	414722
345.735	0.0	block1_flicker_shape1_white_counterclockwise_notarget_incorrect_or_nopressloc62_	121200062	414882
345.86833333333334	0.0	block1_flicker_shape2_black_counterclockwise_notarget_incorrect_or_nopressloc32_	122100032	415042
346.00166666666667	0.0	block1_flicker_shape1_black_counterclockwise_notarget_incorrect_or_nopressloc10_	121100010	415202
346.135	0.0	block1_flicker_shape2_white_counterclockwise_notarget_incorrect_or_nopressloc39_	122200039	415362
346.2683333333333	0.0	block1_flicker_shape2_black_counterclockwise_notarget_incorrect_or_nopressloc39_	122100039	415522
346.40166666666664	0.0	block1_flicker_shape1_black_counterclockwise_notarget_incorrect_or_nopressloc13_	121100013	415682
346.535	0.0	block1_flicker_shape2_black_counterclockwise_notarget_incorrect_or_nopressloc49_	122100049	415842
346.66833333333335	0.0	block1_flicker_shape1_white_counterclockwise_notarget_incorrect_or_nopressloc6_	121200006	416002
346.8016666666667	0.0	block1_flicker_shape1_black_counterclockwise_notarget_incorrect_or_nopressloc6_	121100006	416162
346.935	0.0	block1_flicker_shape1_white_counterclockwise_notarget_incorrect_or_nopressloc23_	121200023	416322
347.0683333333333	0.0	block1_flicker_shape1_white_counterclockwise_notarget_incorrect_or_nopressloc21_	121200021	416482
347.20166666666665	0.0	block1_flicker_shape1_black_counterclockwise_notarget_incorrect_or_nopressloc12_	121100012	416642
347.335	0.0	block1_flicker_shape2_black_counterclockwise_notarget_incorrect_or_nopressloc55_	122100055	416802
347.4683333333333	0.0	block1_flicker_shape2_white_counterclockwise_notarget_incorrect_or_nopressloc22_	122200022	416962
347.6016666666667	0.0	block1_flicker_shape1_white_counterclockwise_notarget_incorrect_or_nopressloc16_	121200016	417122
347.735	0.0	block1_flicker_shape1_black_counterclockwise_notarget_incorrect_or_nopressloc7_	121100007	417282
347.86833333333334	0.0	block1_flicker_shape1_white_counterclockwise_notarget_incorrect_or_nopressloc53_	121200053	417442
348.00166666666667	0.0	block1_flicker_shape2_white_counterclockwise_notarget_incorrect_or_nopressloc2_	122200002	417602
348.135	0.0	block1_flicker_shape1_white_counterclockwise_notarget_incorrect_or_nopressloc2_	121200002	417762
348.2683333333333	0.0	block1_flicker_shape2_black_counterclockwise_notarget_incorrect_or_nopressloc46_	122100046	417922
348.40166666666664	0.0	block1_flicker_shape2_black_counterclockwise_notarget_incorrect_or_nopressloc62_	122100062	418082
348.535	0.0	block1_flicker_shape2_white_counterclockwise_notarget_incorrect_or_nopressloc12_	122200012	418242
348.66833333333335	0.0	block1_flicker_shape2_black_counterclockwise_notarget_incorrect_or_nopressloc3_	122100003	418402
348.8016666666667	0.0	block1_flicker_shape1_white_counterclockwise_notarget_incorrect_or_nopressloc45_	121200045	418562
348.935	0.0	block1_flicker_shape1_black_counterclockwise_notarget_incorrect_or_nopressloc54_	121100054	418722
349.0683333333333	0.0	block1_flicker_shape2_black_counterclockwise_notarget_incorrect_or_nopressloc26_	122100026	418882
349.20166666666665	0.0	block1_flicker_shape2_white_counterclockwise_notarget_incorrect_or_nopressloc41_	122200041	419042
349.335	0.0	block1_flicker_shape2_black_counterclockwise_notarget_incorrect_or_nopressloc34_	122100034	419202
349.4683333333333	0.0	block1_flicker_shape1_black_counterclockwise_notarget_incorrect_or_nopressloc40_	121100040	419362
349.6016666666667	0.0	block1_flicker_shape2_black_counterclockwise_notarget_incorrect_or_nopressloc37_	122100037	419522
349.735	0.0	block1_flicker_shape1_black_counterclockwise_notarget_incorrect_or_nopressloc3_	121100003	419682
349.86833333333334	0.0	block1_flicker_shape2_white_counterclockwise_notarget_incorrect_or_nopressloc11_	122200011	419842
350.00166666666667	0.0	block1_flicker_shape1_black_counterclockwise_notarget_incorrect_or_nopressloc17_	121100017	420002
350.135	0.0	block1_flicker_shape2_black_counterclockwise_notarget_incorrect_or_nopressloc10_	122100010	420162
350.2683333333333	0.0	block1_flicker_shape1_white_counterclockwise_notarget_incorrect_or_nopressloc22_	121200022	420322
350.40166666666664	0.0	block1_flicker_shape1_white_counterclockwise_notarget_incorrect_or_nopressloc27_	121200027	420482
350.535	0.0	block1_flicker_shape1_white_counterclockwise_notarget_incorrect_or_nopressloc52_	121200052	420642
350.66833333333335	0.0	block1_flicker_shape2_white_counterclockwise_notarget_incorrect_or_nopressloc50_	122200050	420802
350.8016666666667	0.0	block1_flicker_shape2_white_counterclockwise_notarget_incorrect_or_nopressloc53_	122200053	420962
350.935	0.0	block1_flicker_shape2_black_counterclockwise_notarget_incorrect_or_nopressloc33_	122100033	421122
351.0683333333333	0.0	block1_flicker_shape1_black_counterclockwise_notarget_incorrect_or_nopressloc59_	121100059	421282
351.20166666666665	0.0	block1_flicker_shape1_white_counterclockwise_notarget_incorrect_or_nopressloc19_	121200019	421442
351.335	0.0	block1_flicker_shape2_white_counterclockwise_notarget_incorrect_or_nopressloc7_	122200007	421602
351.4683333333333	0.0	block1_flicker_shape1_white_counterclockwise_notarget_incorrect_or_nopressloc61_	121200061	421762
351.6016666666667	0.0	block1_flicker_shape1_white_counterclockwise_notarget_incorrect_or_nopressloc48_	121200048	421922
351.735	0.0	block1_flicker_shape1_black_counterclockwise_notarget_incorrect_or_nopressloc14_	121100014	422082
351.86833333333334	0.0	block1_flicker_shape1_white_counterclockwise_notarget_incorrect_or_nopressloc41_	121200041	422242
352.00166666666667	0.0	block1_flicker_shape2_black_counterclockwise_notarget_incorrect_or_nopressloc18_	122100018	422402
352.135	0.0	block1_flicker_shape2_black_counterclockwise_notarget_incorrect_or_nopressloc61_	122100061	422562
352.2683333333333	0.0	block1_flicker_shape2_white_counterclockwise_notarget_incorrect_or_nopressloc15_	122200015	422722
352.40166666666664	0.0	block1_flicker_shape1_white_counterclockwise_notarget_incorrect_or_nopressloc42_	121200042	422882
352.535	0.0	block1_flicker_shape1_black_counterclockwise_notarget_incorrect_or_nopressloc44_	121100044	423042
352.66833333333335	0.0	block1_flicker_shape2_black_counterclockwise_notarget_incorrect_or_nopressloc59_	122100059	423202
352.8016666666667	0.0	block1_flicker_shape2_white_counterclockwise_notarget_incorrect_or_nopressloc32_	122200032	423362
352.935	0.0	block1_flicker_shape1_white_counterclockwise_notarget_incorrect_or_nopressloc49_	121200049	423522
353.0683333333333	0.0	block1_flicker_shape1_white_counterclockwise_notarget_incorrect_or_nopressloc33_	121200033	423682
353.20166666666665	0.0	block1_flicker_shape2_black_counterclockwise_notarget_incorrect_or_nopressloc22_	122100022	423842
353.335	0.0	block1_flicker_shape2_black_counterclockwise_notarget_incorrect_or_nopressloc41_	122100041	424002
353.4683333333333	0.0	block1_flicker_shape1_black_counterclockwise_notarget_incorrect_or_nopressloc57_	121100057	424162
353.6016666666667	0.0	block1_flicker_shape2_black_counterclockwise_notarget_incorrect_or_nopressloc35_	122100035	424322
353.735	0.0	block1_flicker_shape2_white_counterclockwise_notarget_incorrect_or_nopressloc18_	122200018	424482
353.86833333333334	0.0	block1_flicker_shape2_white_counterclockwise_notarget_incorrect_or_nopressloc45_	122200045	424642
354.00166666666667	0.0	block1_flicker_shape2_white_counterclockwise_notarget_incorrect_or_nopressloc31_	122200031	424802
354.135	0.0	block1_flicker_shape1_white_counterclockwise_notarget_incorrect_or_nopressloc63_	121200063	424962
354.2683333333333	0.0	block1_flicker_shape2_white_counterclockwise_notarget_incorrect_or_nopressloc55_	122200055	425122
354.40166666666664	0.0	block1_flicker_shape1_black_counterclockwise_notarget_incorrect_or_nopressloc1_	121100001	425282
354.535	0.0	block1_flicker_shape2_white_counterclockwise_notarget_incorrect_or_nopressloc13_	122200013	425442
354.66833333333335	0.0	block1_flicker_shape1_white_counterclockwise_notarget_incorrect_or_nopressloc5_	121200005	425602
354.8016666666667	0.0	block1_flicker_shape2_black_counterclockwise_notarget_incorrect_or_nopressloc20_	122100020	425762
354.935	0.0	block1_flicker_shape2_black_counterclockwise_notarget_incorrect_or_nopressloc51_	122100051	425922
355.0683333333333	0.0	block1_flicker_shape1_white_counterclockwise_notarget_incorrect_or_nopressloc32_	121200032	426082
355.20166666666665	0.0	block1_flicker_shape2_black_counterclockwise_notarget_incorrect_or_nopressloc2_	122100002	426242
355.33416666666665	0.0	block1_flicker_shape1_black_counterclockwise_notarget_incorrect_or_nopressloc45_	121100045	426401
355.4683333333333	0.0	block1_flicker_shape1_white_counterclockwise_notarget_incorrect_or_nopressloc10_	121200010	426562
355.6016666666667	0.0	block1_flicker_shape2_black_counterclockwise_notarget_incorrect_or_nopressloc31_	122100031	426722
355.7341666666667	0.0	block1_flicker_shape2_white_counterclockwise_notarget_incorrect_or_nopressloc14_	122200014	426881
355.86833333333334	0.0	block1_flicker_shape2_black_counterclockwise_notarget_incorrect_or_nopressloc24_	122100024	427042
356.00166666666667	0.0	block1_flicker_shape1_white_counterclockwise_notarget_incorrect_or_nopressloc17_	121200017	427202
356.13416666666666	0.0	block1_flicker_shape2_white_counterclockwise_notarget_incorrect_or_nopressloc46_	122200046	427361
356.2683333333333	0.0	block1_flicker_shape2_black_counterclockwise_notarget_incorrect_or_nopressloc12_	122100012	427522
356.4008333333333	0.0	block1_flicker_shape1_white_counterclockwise_notarget_incorrect_or_nopressloc15_	121200015	427681
356.535	0.0	block1_flicker_shape2_white_counterclockwise_notarget_incorrect_or_nopressloc4_	122200004	427842
356.6675	0.0	block1_flicker_shape1_white_counterclockwise_notarget_incorrect_or_nopressloc13_	121200013	428001
356.8016666666667	0.0	block1_flicker_shape1_black_counterclockwise_notarget_incorrect_or_nopressloc53_	121100053	428162
356.93416666666667	0.0	block1_flicker_shape1_white_counterclockwise_notarget_incorrect_or_nopressloc34_	121200034	428321
357.0675	0.0	block1_flicker_shape2_white_counterclockwise_notarget_incorrect_or_nopressloc60_	122200060	428481
357.2008333333333	0.0	block1_flicker_shape2_white_counterclockwise_notarget_incorrect_or_nopressloc40_	122200040	428641
357.33416666666665	0.0	block1_flicker_shape2_black_counterclockwise_notarget_incorrect_or_nopressloc7_	122100007	428801
357.4675	0.0	block1_flicker_shape1_white_counterclockwise_notarget_incorrect_or_nopressloc56_	121200056	428961
357.60083333333336	0.0	block1_flicker_shape1_black_counterclockwise_notarget_incorrect_or_nopressloc31_	121100031	429121
357.7341666666667	0.0	block1_flicker_shape1_black_counterclockwise_notarget_incorrect_or_nopressloc55_	121100055	429281
357.8675	0.0	block1_flicker_shape1_black_counterclockwise_notarget_incorrect_or_nopressloc58_	121100058	429441
358.00083333333333	0.0	block1_flicker_shape1_white_counterclockwise_notarget_incorrect_or_nopressloc9_	121200009	429601
358.13416666666666	0.0	block1_flicker_shape2_black_counterclockwise_notarget_incorrect_or_nopressloc29_	122100029	429761
358.2675	0.0	block1_flicker_shape2_black_counterclockwise_notarget_incorrect_or_nopressloc43_	122100043	429921
358.4008333333333	0.0	block1_flicker_shape2_white_counterclockwise_notarget_incorrect_or_nopressloc58_	122200058	430081
358.5341666666667	0.0	block1_flicker_shape2_white_counterclockwise_notarget_incorrect_or_nopressloc56_	122200056	430241
358.6675	0.0	block1_flicker_shape1_black_counterclockwise_notarget_incorrect_or_nopressloc42_	121100042	430401
358.80083333333334	0.0	block1_flicker_shape1_black_counterclockwise_notarget_incorrect_or_nopressloc20_	121100020	430561
358.93416666666667	0.0	block1_flicker_shape2_black_counterclockwise_notarget_incorrect_or_nopressloc30_	122100030	430721
359.0675	0.0	block1_flicker_shape2_white_counterclockwise_notarget_incorrect_or_nopressloc44_	122200044	430881
359.2008333333333	0.0	block1_flicker_shape1_black_counterclockwise_notarget_incorrect_or_nopressloc39_	121100039	431041
359.33416666666665	0.0	block1_flicker_shape1_black_counterclockwise_notarget_incorrect_or_nopressloc26_	121100026	431201
359.4675	0.0	block1_flicker_shape1_white_counterclockwise_notarget_incorrect_or_nopressloc55_	121200055	431361
359.60083333333336	0.0	block1_flicker_shape1_white_counterclockwise_notarget_incorrect_or_nopressloc39_	121200039	431521
359.7341666666667	0.0	block1_flicker_shape1_black_counterclockwise_notarget_incorrect_or_nopressloc27_	121100027	431681
359.8675	0.0	block1_flicker_shape2_white_counterclockwise_notarget_incorrect_or_nopressloc5_	122200005	431841
360.00083333333333	0.0	block1_flicker_shape1_white_counterclockwise_notarget_incorrect_or_nopressloc59_	121200059	432001
360.13416666666666	0.0	block1_flicker_shape1_black_counterclockwise_notarget_incorrect_or_nopressloc33_	121100033	432161
360.2675	0.0	block1_flicker_shape1_black_counterclockwise_notarget_incorrect_or_nopressloc8_	121100008	432321
360.4008333333333	0.0	block1_flicker_shape2_black_counterclockwise_notarget_incorrect_or_nopressloc16_	122100016	432481
360.5341666666667	0.0	block1_flicker_shape1_black_counterclockwise_notarget_incorrect_or_nopressloc19_	121100019	432641
360.6675	0.0	block1_flicker_shape1_white_counterclockwise_notarget_incorrect_or_nopressloc35_	121200035	432801
360.80083333333334	0.0	block1_flicker_shape1_black_counterclockwise_notarget_incorrect_or_nopressloc56_	121100056	432961
360.93416666666667	0.0	block1_flicker_shape2_black_counterclockwise_notarget_incorrect_or_nopressloc47_	122100047	433121
361.0675	0.0	block1_flicker_shape2_white_counterclockwise_notarget_incorrect_or_nopressloc23_	122200023	433281
361.2008333333333	0.0	block1_flicker_shape1_white_counterclockwise_notarget_incorrect_or_nopressloc25_	121200025	433441
361.33416666666665	0.0	block1_flicker_shape2_black_counterclockwise_notarget_incorrect_or_nopressloc56_	122100056	433601
361.4675	0.0	block1_flicker_shape1_white_counterclockwise_notarget_incorrect_or_nopressloc57_	121200057	433761
368.25166666666667	0.0	block1_occlusion_shape2_white_clockwise_notarget_correct_or_pressloc4_	132210104	441902
371.30083333333334	0.0	block1_occlusion_shape2_black_clockwise_istarget_correct_or_pressloc3_	132111103	445561
374.8675	0.0	block1_occlusion_shape2_white_clockwise_notarget_correct_or_pressloc1_	132210101	449841
378.05	0.0	block1_occlusion_shape1_black_counterclockwise_notarget_correct_or_pressloc3_	131120103	453660
381.1025	0.0	block1_occlusion_shape2_black_counterclockwise_notarget_correct_or_pressloc1_	132120101	457323
384.45	0.0	block1_occlusion_shape1_black_counterclockwise_istarget_correct_or_pressloc1_	131121101	461340
387.9508333333333	0.0	block1_occlusion_shape1_white_clockwise_notarget_correct_or_pressloc1_	131210101	465541
390.9325	0.0	block1_occlusion_shape2_black_counterclockwise_istarget_correct_or_pressloc2_	132121102	469119
394.66583333333335	0.0	block1_occlusion_shape1_black_counterclockwise_notarget_correct_or_pressloc4_	131120104	473599
397.74916666666667	0.0	block1_occlusion_shape1_black_clockwise_notarget_correct_or_pressloc4_	131110104	477299
400.86583333333334	0.0	block1_occlusion_shape2_white_counterclockwise_notarget_correct_or_pressloc1_	132220101	481039
404.24916666666667	0.0	block1_occlusion_shape1_white_clockwise_notarget_correct_or_pressloc2_	131210102	485099
407.565	0.0	block1_occlusion_shape1_black_counterclockwise_notarget_correct_or_pressloc2_	131120102	489078
410.815	0.0	block1_occlusion_shape2_black_counterclockwise_notarget_correct_or_pressloc4_	132120104	492978
413.8983333333333	0.0	block1_occlusion_shape1_black_counterclockwise_notarget_correct_or_pressloc2_	131120102	496678
417.115	0.0	block1_occlusion_shape1_black_clockwise_notarget_correct_or_pressloc4_	131110104	500538
420.4316666666667	0.0	block1_occlusion_shape2_black_clockwise_notarget_correct_or_pressloc2_	132110102	504518
423.6475	0.0	block1_occlusion_shape2_black_clockwise_istarget_correct_or_pressloc3_	132111103	508377
427.3475	0.0	block1_occlusion_shape2_white_counterclockwise_istarget_correct_or_pressloc1_	132221101	512817
431.0475	0.0	block1_occlusion_shape1_black_clockwise_notarget_correct_or_pressloc1_	131110101	517257
434.23083333333335	0.0	block1_occlusion_shape2_black_clockwise_notarget_correct_or_pressloc1_	132110101	521077
437.31333333333333	0.0	block1_occlusion_shape1_white_counterclockwise_notarget_correct_or_pressloc1_	131220101	524776
440.5966666666667	0.0	block1_occlusion_shape2_black_counterclockwise_istarget_correct_or_pressloc1_	132121101	528716
444.0966666666667	0.0	block1_occlusion_shape2_white_clockwise_notarget_correct_or_pressloc3_	132210103	532916
447.11333333333334	0.0	block1_occlusion_shape2_black_counterclockwise_notarget_correct_or_pressloc3_	132120103	536536
450.2966666666667	0.0	block1_occlusion_shape2_white_clockwise_istarget_correct_or_pressloc4_	132211104	540356
453.9291666666667	0.0	block1_occlusion_shape2_black_clockwise_notarget_correct_or_pressloc1_	132110101	544715
457.1125	0.0	block1_occlusion_shape2_white_counterclockwise_notarget_correct_or_pressloc2_	132220102	548535
460.4625	0.0	block1_occlusion_shape1_black_counterclockwise_notarget_correct_or_pressloc2_	131120102	552555
463.6458333333333	0.0	block1_occlusion_shape2_white_counterclockwise_notarget_correct_or_pressloc1_	132220101	556375
467.02916666666664	0.0	block1_occlusion_shape1_white_clockwise_notarget_correct_or_pressloc3_	131210103	560435
470.21166666666664	0.0	block1_occlusion_shape2_black_counterclockwise_notarget_correct_or_pressloc2_	132120102	564254
473.56166666666667	0.0	block1_occlusion_shape1_white_counterclockwise_notarget_correct_or_pressloc2_	131220102	568274
476.6116666666667	0.0	block1_occlusion_shape1_white_clockwise_notarget_correct_or_pressloc3_	131210103	571934
479.8616666666667	0.0	block1_occlusion_shape1_white_counterclockwise_notarget_correct_or_pressloc4_	131220104	575834
482.87833333333333	0.0	block1_occlusion_shape1_white_clockwise_istarget_correct_or_pressloc1_	131211101	579454
486.5108333333333	0.0	block1_occlusion_shape2_black_clockwise_notarget_correct_or_pressloc2_	132110102	583813
489.89416666666665	0.0	block1_occlusion_shape2_white_clockwise_notarget_correct_or_pressloc3_	132210103	587873
493.2775	0.0	block1_occlusion_shape1_black_clockwise_notarget_correct_or_pressloc2_	131110102	591933
496.3275	0.0	block1_occlusion_shape1_black_clockwise_notarget_correct_or_pressloc1_	131110101	595593
499.3775	0.0	block1_occlusion_shape2_black_clockwise_notarget_correct_or_pressloc3_	132110103	599253
502.4266666666667	0.0	block1_occlusion_shape2_black_clockwise_notarget_correct_or_pressloc4_	132110104	602912
505.77666666666664	0.0	block1_occlusion_shape1_white_counterclockwise_notarget_correct_or_pressloc2_	131220102	606932
509.06	0.0	block1_occlusion_shape2_black_clockwise_notarget_correct_or_pressloc4_	132110104	610872
512.31	0.0	block1_occlusion_shape2_white_clockwise_notarget_correct_or_pressloc4_	132210104	614772
515.36	0.0	block1_occlusion_shape2_white_counterclockwise_notarget_correct_or_pressloc4_	132220104	618432
518.6091666666666	0.0	block1_occlusion_shape2_black_counterclockwise_notarget_correct_or_pressloc2_	132120102	622331
521.8258333333333	0.0	block1_occlusion_shape1_white_clockwise_notarget_correct_or_pressloc1_	131210101	626191
524.9091666666667	0.0	block1_occlusion_shape1_black_clockwise_notarget_correct_or_pressloc3_	131110103	629891
527.9258333333333	0.0	block1_occlusion_shape1_white_clockwise_istarget_correct_or_pressloc3_	131211103	633511
531.3258333333333	0.0	block1_occlusion_shape1_black_clockwise_notarget_correct_or_pressloc3_	131110103	637591
534.3091666666667	0.0	block1_occlusion_shape2_white_clockwise_istarget_correct_or_pressloc2_	132211102	641171
537.7083333333334	0.0	block1_occlusion_shape2_black_counterclockwise_notarget_correct_or_pressloc3_	132120103	645250
540.725	0.0	block1_occlusion_shape1_white_counterclockwise_notarget_correct_or_pressloc2_	131220102	648870
544.0083333333333	0.0	block1_occlusion_shape2_white_clockwise_istarget_correct_or_pressloc1_	132211101	652810
547.4083333333333	0.0	block1_occlusion_shape1_white_clockwise_notarget_correct_or_pressloc2_	131210102	656890
550.4916666666667	0.0	block1_occlusion_shape1_white_counterclockwise_notarget_correct_or_pressloc1_	131220101	660590
553.5416666666666	0.0	block1_occlusion_shape2_black_counterclockwise_istarget_correct_or_pressloc3_	132121103	664250
556.9408333333333	0.0	block1_occlusion_shape2_white_counterclockwise_istarget_correct_or_pressloc3_	132221103	668329
560.4741666666666	0.0	block1_occlusion_shape1_white_counterclockwise_istarget_correct_or_pressloc2_	131221102	672569
563.9075	0.0	block1_occlusion_shape2_white_counterclockwise_notarget_correct_or_pressloc3_	132220103	676689
567.1241666666666	0.0	block1_occlusion_shape1_white_clockwise_notarget_correct_or_pressloc2_	131210102	680549
570.2733333333333	0.0	block1_occlusion_shape2_white_counterclockwise_notarget_correct_or_pressloc2_	132220102	684328
573.29	0.0	block1_occlusion_shape2_white_clockwise_notarget_correct_or_pressloc2_	132210102	687948
576.2733333333333	0.0	block1_occlusion_shape1_white_counterclockwise_notarget_correct_or_pressloc3_	131220103	691528
579.6566666666666	0.0	block1_occlusion_shape1_white_clockwise_notarget_correct_or_pressloc4_	131210104	695588
582.7733333333333	0.0	block1_occlusion_shape2_black_clockwise_notarget_correct_or_pressloc2_	132110102	699328
586.1225	0.0	block1_occlusion_shape2_black_clockwise_notarget_correct_or_pressloc4_	132110104	703347
589.3725	0.0	block1_occlusion_shape2_white_clockwise_notarget_correct_or_pressloc1_	132210101	707247
592.6558333333334	0.0	block1_occlusion_shape2_black_clockwise_notarget_correct_or_pressloc3_	132110103	711187
595.7391666666666	0.0	block1_occlusion_shape1_black_counterclockwise_notarget_correct_or_pressloc1_	131120101	714887
599.0225	0.0	block1_occlusion_shape1_black_counterclockwise_notarget_correct_or_pressloc4_	131120104	718827
602.3383333333334	0.0	block1_occlusion_shape1_black_clockwise_notarget_correct_or_pressloc1_	131110101	722806
605.5216666666666	0.0	block1_occlusion_shape1_black_clockwise_notarget_correct_or_pressloc4_	131110104	726626
608.8383333333334	0.0	block1_occlusion_shape2_black_clockwise_notarget_correct_or_pressloc3_	132110103	730606
611.8883333333333	0.0	block1_occlusion_shape2_white_counterclockwise_notarget_correct_or_pressloc4_	132220104	734266
615.1383333333333	0.0	block1_occlusion_shape1_black_clockwise_notarget_correct_or_pressloc2_	131110102	738166
618.2541666666667	0.0	block1_occlusion_shape1_white_counterclockwise_notarget_correct_or_pressloc3_	131220103	741905
621.4375	0.0	block1_occlusion_shape1_white_counterclockwise_notarget_correct_or_pressloc1_	131220101	745725
624.7208333333333	0.0	block1_occlusion_shape2_white_clockwise_notarget_correct_or_pressloc4_	132210104	749665
627.9375	0.0	block1_occlusion_shape1_white_clockwise_notarget_correct_or_pressloc4_	131210104	753525
630.9541666666667	0.0	block1_occlusion_shape1_white_counterclockwise_notarget_correct_or_pressloc4_	131220104	757145
634.3366666666667	0.0	block1_occlusion_shape1_white_clockwise_notarget_correct_or_pressloc3_	131210103	761204
637.6533333333333	0.0	block1_occlusion_shape1_black_clockwise_istarget_correct_or_pressloc4_	131111104	765184
641.1866666666666	0.0	block1_occlusion_shape1_white_counterclockwise_notarget_correct_or_pressloc4_	131220104	769424
644.5033333333333	0.0	block1_occlusion_shape1_white_clockwise_notarget_correct_or_pressloc4_	131210104	773404
647.7525	0.0	block1_occlusion_shape2_black_counterclockwise_notarget_correct_or_pressloc2_	132120102	777303
650.9025	0.0	block1_occlusion_shape2_white_clockwise_notarget_correct_or_pressloc2_	132210102	781083
653.9525	0.0	block1_occlusion_shape2_white_counterclockwise_notarget_correct_or_pressloc4_	132220104	784743
656.9691666666666	0.0	block1_occlusion_shape1_black_clockwise_notarget_correct_or_pressloc3_	131110103	788363
660.1191666666666	0.0	block1_occlusion_shape2_white_clockwise_istarget_incorrect_or_nopressloc3_	132211003	792143
663.7858333333334	0.0	block1_occlusion_shape2_white_counterclockwise_notarget_correct_or_pressloc2_	132220102	796543
666.935	0.0	block1_occlusion_shape2_white_counterclockwise_notarget_correct_or_pressloc3_	132220103	800322
670.0516666666666	0.0	block1_occlusion_shape1_black_counterclockwise_notarget_correct_or_pressloc3_	131120103	804062
673.135	0.0	block1_occlusion_shape1_black_counterclockwise_notarget_correct_or_pressloc4_	131120104	807762
676.385	0.0	block1_occlusion_shape1_black_counterclockwise_istarget_correct_or_pressloc3_	131121103	811662
679.885	0.0	block1_occlusion_shape2_black_counterclockwise_notarget_correct_or_pressloc3_	132120103	815862
682.9341666666667	0.0	block1_occlusion_shape2_black_counterclockwise_notarget_correct_or_pressloc4_	132120104	819521
686.0175	0.0	block1_occlusion_shape2_black_counterclockwise_notarget_correct_or_pressloc4_	132120104	823221
689.1008333333333	0.0	block1_occlusion_shape2_white_clockwise_notarget_correct_or_pressloc2_	132210102	826921
692.1175	0.0	block1_occlusion_shape2_black_counterclockwise_notarget_correct_or_pressloc1_	132120101	830541
695.3341666666666	0.0	block1_occlusion_shape1_black_counterclockwise_notarget_correct_or_pressloc1_	131120101	834401
698.6833333333333	0.0	block1_occlusion_shape1_white_counterclockwise_notarget_correct_or_pressloc3_	131220103	838420
702.0333333333333	0.0	block1_occlusion_shape1_black_counterclockwise_notarget_correct_or_pressloc3_	131120103	842440
705.4166666666666	0.0	block1_occlusion_shape2_white_clockwise_notarget_correct_or_pressloc3_	132210103	846500
708.8	0.0	block1_occlusion_shape1_black_clockwise_notarget_correct_or_pressloc2_	131110102	850560
711.8833333333333	0.0	block1_occlusion_shape2_white_clockwise_notarget_correct_or_pressloc1_	132210101	854260
715.0658333333333	0.0	block1_occlusion_shape2_black_clockwise_notarget_correct_or_pressloc1_	132110101	858079
718.2158333333333	0.0	block1_occlusion_shape2_white_counterclockwise_notarget_correct_or_pressloc3_	132220103	861859
721.4325	0.0	block1_occlusion_shape1_white_counterclockwise_istarget_correct_or_pressloc2_	131221102	865719
724.9991666666666	0.0	block1_occlusion_shape2_white_counterclockwise_notarget_correct_or_pressloc1_	132220101	869999
728.3158333333333	0.0	block1_occlusion_shape1_white_clockwise_notarget_correct_or_pressloc1_	131210101	873979
731.4316666666666	0.0	block1_occlusion_shape1_black_counterclockwise_notarget_correct_or_pressloc1_	131120101	877718
734.4483333333334	0.0	block1_occlusion_shape2_black_counterclockwise_notarget_correct_or_pressloc1_	132120101	881338
